时间,电压(V),电流(A),D+(V),D-(V),时间文本,总功耗(W)
1900-01-01 16:23:00,5.11,0.96,0.11,0.84,16:23:00,4.9056
1900-01-01 16:23:01,5.12,0.96,0.11,0.84,16:23:01,4.9152
1900-01-01 16:23:02,5.12,0.2,0.09,0.76,16:23:02,1.024
1900-01-01 16:23:03,5.12,0.2,0.09,0.76,16:23:03,1.024
1900-01-01 16:23:04,5.12,0.2,0.09,0.76,16:23:04,1.024
1900-01-01 16:23:05,5.1,0.35,0.1,0.81,16:23:05,1.7849999999999997
1900-01-01 16:23:06,5.1,0.35,0.1,0.81,16:23:06,1.7849999999999997
1900-01-01 16:23:07,5.12,0.97,0.11,0.84,16:23:07,4.9664
1900-01-01 16:23:08,5.11,0.96,0.11,0.84,16:23:08,4.9056
1900-01-01 16:23:09,5.11,0.96,0.11,0.84,16:23:09,4.9056
1900-01-01 16:23:10,5.11,0.96,0.11,0.84,16:23:10,4.9056
1900-01-01 16:23:11,5.13,0.96,0.11,0.84,16:23:11,4.924799999999999
1900-01-01 16:23:12,5.13,0.96,0.11,0.84,16:23:12,4.924799999999999
1900-01-01 16:23:13,5.11,0.97,0.11,0.84,16:23:13,4.9567000000000005
1900-01-01 16:23:14,5.11,0.97,0.11,0.84,16:23:14,4.9567000000000005
1900-01-01 16:23:15,5.12,0.96,0.11,0.84,16:23:15,4.9152
1900-01-01 16:23:16,5.1,0.97,0.11,0.84,16:23:16,4.946999999999999
1900-01-01 16:23:17,5.1,0.97,0.11,0.84,16:23:17,4.946999999999999
1900-01-01 16:23:18,5.11,0.96,0.11,0.84,16:23:18,4.9056
1900-01-01 16:23:19,5.11,0.96,0.11,0.84,16:23:19,4.9056
1900-01-01 16:23:20,5.11,0.96,0.11,0.84,16:23:20,4.9056
1900-01-01 16:23:21,5.12,0.96,0.11,0.84,16:23:21,4.9152
1900-01-01 16:23:22,5.11,0.96,0.11,0.84,16:23:22,4.9056
1900-01-01 16:23:23,5.11,0.96,0.11,0.84,16:23:23,4.9056
1900-01-01 16:23:24,5.12,0.96,0.11,0.84,16:23:24,4.9152
1900-01-01 16:23:25,5.11,0.96,0.11,0.84,16:23:25,4.9056
1900-01-01 16:23:26,5.11,0.96,0.11,0.84,16:23:26,4.9056
1900-01-01 16:23:27,5.12,0.97,0.11,0.84,16:23:27,4.9664
1900-01-01 16:23:28,5.12,0.97,0.11,0.84,16:23:28,4.9664
1900-01-01 16:23:29,5.12,0.96,0.11,0.84,16:23:29,4.9152
1900-01-01 16:23:30,5.12,0.96,0.11,0.84,16:23:30,4.9152
1900-01-01 16:23:31,5.12,0.96,0.11,0.84,16:23:31,4.9152
1900-01-01 16:23:32,5.12,0.96,0.11,0.84,16:23:32,4.9152
1900-01-01 16:23:33,5.13,0.96,0.11,0.84,16:23:33,4.924799999999999
1900-01-01 16:23:34,5.13,0.96,0.11,0.84,16:23:34,4.924799999999999
1900-01-01 16:23:35,5.12,0.96,0.11,0.84,16:23:35,4.9152
1900-01-01 16:23:36,5.12,0.96,0.11,0.84,16:23:36,4.9152
1900-01-01 16:23:37,5.12,0.96,0.11,0.84,16:23:37,4.9152
1900-01-01 16:23:38,5.13,0.97,0.11,0.84,16:23:38,4.9761
1900-01-01 16:23:39,5.11,0.96,0.11,0.84,16:23:39,4.9056
1900-01-01 16:23:40,5.11,0.96,0.11,0.84,16:23:40,4.9056
1900-01-01 16:23:41,5.11,0.96,0.11,0.84,16:23:41,4.9056
1900-01-01 16:23:42,5.11,0.96,0.11,0.84,16:23:42,4.9056
1900-01-01 16:23:43,5.11,0.96,0.11,0.84,16:23:43,4.9056
1900-01-01 16:23:44,5.12,0.96,0.11,0.84,16:23:44,4.9152
1900-01-01 16:23:45,5.12,0.96,0.11,0.84,16:23:45,4.9152
1900-01-01 16:23:46,5.12,0.96,0.11,0.84,16:23:46,4.9152
1900-01-01 16:23:47,5.11,0.96,0.11,0.84,16:23:47,4.9056
1900-01-01 16:23:48,5.12,0.96,0.11,0.84,16:23:48,4.9152
1900-01-01 16:23:49,5.12,0.96,0.11,0.84,16:23:49,4.9152
1900-01-01 16:23:50,5.12,0.96,0.11,0.84,16:23:50,4.9152
1900-01-01 16:23:51,5.12,0.27,0.09,0.77,16:23:51,1.3824
1900-01-01 16:23:52,5.12,0.26,0.09,0.77,16:23:52,1.3312000000000002
1900-01-01 16:23:53,5.12,0.25,0.09,0.77,16:23:53,1.28
1900-01-01 16:23:54,5.13,0.27,0.09,0.77,16:23:54,1.3851
1900-01-01 16:23:55,5.11,0.28,0.09,0.77,16:23:55,1.4308000000000003
1900-01-01 16:23:56,5.12,0.28,0.09,0.77,16:23:56,1.4336000000000002
1900-01-01 16:23:57,5.12,0.52,0.09,0.8,16:23:57,2.6624000000000003
1900-01-01 16:23:58,5.12,0.67,0.1,0.82,16:23:58,3.4304
1900-01-01 16:23:59,5.12,0.66,0.1,0.81,16:23:59,3.3792000000000004
1900-01-01 16:24:00,5.11,0.7,0.1,0.82,16:24:00,3.577
1900-01-01 16:24:01,5.11,0.96,0.11,0.84,16:24:01,4.9056
1900-01-01 16:24:02,5.12,0.97,0.11,0.84,16:24:02,4.9664
1900-01-01 16:24:03,5.12,0.96,0.11,0.84,16:24:03,4.9152
1900-01-01 16:24:04,5.12,0.96,0.11,0.84,16:24:04,4.9152
1900-01-01 16:24:05,5.13,0.96,0.12,0.84,16:24:05,4.924799999999999
1900-01-01 16:24:06,5.12,0.0,0.09,0.7,16:24:06,0.0
1900-01-01 16:24:07,5.12,0.27,0.09,0.77,16:24:07,1.3824
1900-01-01 16:24:08,5.12,0.3,0.09,0.78,16:24:08,1.536
1900-01-01 16:24:09,5.12,0.21,0.09,0.76,16:24:09,1.0752
1900-01-01 16:24:10,5.13,0.33,0.09,0.78,16:24:10,1.6929
1900-01-01 16:24:11,5.11,0.27,0.09,0.78,16:24:11,1.3797000000000001
1900-01-01 16:24:12,5.13,0.27,0.09,0.77,16:24:12,1.3851
1900-01-01 16:24:13,5.13,0.56,0.1,0.79,16:24:13,2.8728000000000002
1900-01-01 16:24:14,5.13,0.62,0.1,0.81,16:24:14,3.1806
1900-01-01 16:24:15,5.12,0.68,0.1,0.81,16:24:15,3.4816000000000003
1900-01-01 16:24:16,5.11,0.72,0.1,0.82,16:24:16,3.6792000000000002
1900-01-01 16:24:17,5.11,0.97,0.11,0.84,16:24:17,4.9567000000000005
1900-01-01 16:24:18,5.11,0.96,0.11,0.84,16:24:18,4.9056
1900-01-01 16:24:19,5.13,0.97,0.11,0.84,16:24:19,4.9761
1900-01-01 16:24:20,5.12,0.97,0.11,0.84,16:24:20,4.9664
1900-01-01 16:24:21,5.1,0.97,0.11,0.84,16:24:21,4.946999999999999
1900-01-01 16:24:22,5.12,0.28,0.09,0.77,16:24:22,1.4336000000000002
1900-01-01 16:24:23,5.12,0.26,0.1,0.77,16:24:23,1.3312000000000002
1900-01-01 16:24:24,5.11,0.38,0.1,0.78,16:24:24,1.9418000000000002
1900-01-01 16:24:25,5.12,0.21,0.09,0.76,16:24:25,1.0752
1900-01-01 16:24:26,5.12,0.35,0.09,0.77,16:24:26,1.7919999999999998
1900-01-01 16:24:27,5.13,0.28,0.09,0.77,16:24:27,1.4364000000000001
1900-01-01 16:24:28,5.12,0.5,0.1,0.79,16:24:28,2.56
1900-01-01 16:24:29,5.1,0.5,0.1,0.79,16:24:29,2.55
1900-01-01 16:24:30,5.12,0.65,0.1,0.81,16:24:30,3.3280000000000003
1900-01-01 16:24:31,5.12,0.7,0.1,0.82,16:24:31,3.5839999999999996
1900-01-01 16:24:32,5.13,0.96,0.11,0.84,16:24:32,4.924799999999999
1900-01-01 16:24:33,5.11,0.96,0.11,0.84,16:24:33,4.9056
1900-01-01 16:24:34,5.12,0.96,0.11,0.84,16:24:34,4.9152
1900-01-01 16:24:35,5.12,0.96,0.11,0.84,16:24:35,4.9152
1900-01-01 16:24:36,5.11,0.96,0.11,0.84,16:24:36,4.9056
1900-01-01 16:24:37,5.11,0.0,0.09,0.7,16:24:37,0.0
1900-01-01 16:24:38,5.11,0.27,0.09,0.77,16:24:38,1.3797000000000001
1900-01-01 16:24:39,5.12,0.25,0.09,0.77,16:24:39,1.28
1900-01-01 16:24:40,5.11,0.22,0.1,0.76,16:24:40,1.1242
1900-01-01 16:24:41,5.12,0.32,0.09,0.76,16:24:41,1.6384
1900-01-01 16:24:42,5.12,0.41,0.09,0.77,16:24:42,2.0991999999999997
1900-01-01 16:24:43,5.13,0.37,0.09,0.77,16:24:43,1.8981
1900-01-01 16:24:44,5.11,0.43,0.09,0.78,16:24:44,2.1973000000000003
1900-01-01 16:24:45,5.12,0.49,0.09,0.78,16:24:45,2.5088
1900-01-01 16:24:46,5.11,0.73,0.1,0.77,16:24:46,3.7303
1900-01-01 16:24:47,5.11,0.96,0.11,0.79,16:24:47,4.9056
1900-01-01 16:24:48,5.11,0.96,0.12,0.79,16:24:48,4.9056
1900-01-01 16:24:49,5.12,0.99,0.12,0.8,16:24:49,5.0688
1900-01-01 16:24:50,5.12,0.96,0.12,0.79,16:24:50,4.9152
1900-01-01 16:24:51,5.12,0.96,0.12,0.79,16:24:51,4.9152
1900-01-01 16:24:52,5.11,0.0,0.11,0.7,16:24:52,0.0
1900-01-01 16:24:53,5.12,0.0,0.09,0.71,16:24:53,0.0
1900-01-01 16:24:54,5.12,0.96,0.13,0.8,16:24:54,4.9152
1900-01-01 16:24:55,5.1,1.9,0.27,0.27,16:24:55,9.69
1900-01-01 16:24:56,5.11,1.86,0.26,0.26,16:24:56,9.504600000000002
1900-01-01 16:24:57,5.09,1.11,0.26,0.22,16:24:57,5.649900000000001
1900-01-01 16:24:58,5.13,1.22,0.19,0.21,16:24:58,6.2585999999999995
1900-01-01 16:24:59,5.13,1.82,0.26,0.26,16:24:59,9.3366
1900-01-01 16:25:00,5.12,1.81,0.26,0.26,16:25:00,9.2672
1900-01-01 16:25:01,5.12,1.63,0.24,0.26,16:25:01,8.3456
1900-01-01 16:25:02,5.11,1.76,0.26,0.26,16:25:02,8.9936
1900-01-01 16:25:03,5.12,1.76,0.25,0.26,16:25:03,9.0112
1900-01-01 16:25:04,5.11,1.76,0.25,0.25,16:25:04,8.9936
1900-01-01 16:25:05,5.12,1.76,0.26,0.26,16:25:05,9.0112
1900-01-01 16:25:06,5.12,1.77,0.25,0.26,16:25:06,9.0624
1900-01-01 16:25:07,5.12,1.76,0.26,0.26,16:25:07,9.0112
1900-01-01 16:25:08,5.11,1.73,0.26,0.26,16:25:08,8.840300000000001
1900-01-01 16:25:09,5.11,1.76,0.25,0.26,16:25:09,8.9936
1900-01-01 16:25:10,5.11,1.76,0.26,0.26,16:25:10,8.9936
1900-01-01 16:25:11,5.13,1.76,0.25,0.26,16:25:11,9.0288
1900-01-01 16:25:12,5.11,1.61,0.26,0.26,16:25:12,8.227100000000002
1900-01-01 16:25:13,5.12,1.76,0.26,0.25,16:25:13,9.0112
1900-01-01 16:25:14,5.13,1.7,0.26,0.26,16:25:14,8.721
1900-01-01 16:25:15,5.13,0.83,0.18,0.15,16:25:15,4.257899999999999
1900-01-01 16:25:16,5.12,0.0,0.08,0.09,16:25:16,0.0
1900-01-01 16:25:17,5.12,0.85,0.16,0.16,16:25:17,4.352
1900-01-01 16:25:18,5.11,0.55,0.15,0.15,16:25:18,2.8105
1900-01-01 16:25:19,5.12,1.72,0.25,0.26,16:25:19,8.8064
1900-01-01 16:25:20,5.12,1.71,0.25,0.26,16:25:20,8.7552
1900-01-01 16:25:21,5.11,1.72,0.25,0.26,16:25:21,8.789200000000001
1900-01-01 16:25:22,5.12,1.72,0.25,0.25,16:25:22,8.8064
1900-01-01 16:25:23,5.12,1.71,0.25,0.25,16:25:23,8.7552
1900-01-01 16:25:24,5.13,1.72,0.25,0.25,16:25:24,8.823599999999999
1900-01-01 16:25:25,5.11,1.72,0.25,0.25,16:25:25,8.789200000000001
1900-01-01 16:25:26,5.12,1.71,0.25,0.25,16:25:26,8.7552
1900-01-01 16:25:27,5.11,1.72,0.25,0.26,16:25:27,8.789200000000001
1900-01-01 16:25:28,5.13,1.72,0.25,0.26,16:25:28,8.823599999999999
1900-01-01 16:25:29,5.12,1.71,0.25,0.25,16:25:29,8.7552
1900-01-01 16:25:30,5.11,1.72,0.25,0.26,16:25:30,8.789200000000001
1900-01-01 16:25:31,5.11,1.72,0.25,0.25,16:25:31,8.789200000000001
1900-01-01 16:25:32,5.12,1.72,0.25,0.26,16:25:32,8.8064
1900-01-01 16:25:33,5.11,1.71,0.25,0.25,16:25:33,8.738100000000001
1900-01-01 16:25:34,5.12,1.72,0.25,0.25,16:25:34,8.8064
1900-01-01 16:25:35,5.12,1.72,0.25,0.25,16:25:35,8.8064
1900-01-01 16:25:36,5.12,1.72,0.25,0.25,16:25:36,8.8064
1900-01-01 16:25:37,5.11,1.72,0.86,0.86,16:25:37,8.789200000000001
1900-01-01 16:25:38,5.13,1.71,0.91,0.91,16:25:38,8.7723
1900-01-01 16:25:39,4.95,1.71,3.33,0.91,16:25:39,8.4645
1900-01-01 16:25:40,4.95,1.71,3.33,0.91,16:25:40,8.4645
1900-01-01 16:25:41,4.95,1.71,3.33,0.92,16:25:41,8.4645
1900-01-01 16:25:42,4.96,1.71,3.33,0.91,16:25:42,8.4816
1900-01-01 16:25:43,4.95,1.71,0.16,0.91,16:25:43,8.4645
1900-01-01 16:25:44,8.93,1.15,0.82,3.46,16:25:44,10.269499999999999
1900-01-01 16:25:45,8.95,1.91,0.89,3.53,16:25:45,17.094499999999996
1900-01-01 16:25:46,8.94,1.91,0.9,3.53,16:25:46,17.0754
1900-01-01 16:25:47,8.95,1.91,0.89,3.54,16:25:47,17.094499999999996
1900-01-01 16:25:48,8.93,1.91,0.89,3.53,16:25:48,17.0563
1900-01-01 16:25:49,8.94,1.91,0.88,3.53,16:25:49,17.0754
1900-01-01 16:25:50,8.93,1.91,0.89,3.53,16:25:50,17.0563
1900-01-01 16:25:51,8.94,1.92,0.9,3.52,16:25:51,17.1648
1900-01-01 16:25:52,8.94,1.91,0.89,3.54,16:25:52,17.0754
1900-01-01 16:25:53,8.94,1.91,0.9,3.52,16:25:53,17.0754
1900-01-01 16:25:54,8.95,1.91,0.89,3.53,16:25:54,17.094499999999996
1900-01-01 16:25:55,8.95,1.91,0.89,3.53,16:25:55,17.094499999999996
1900-01-01 16:25:56,8.94,1.91,0.88,3.52,16:25:56,17.0754
1900-01-01 16:25:57,8.94,1.91,0.89,3.52,16:25:57,17.0754
1900-01-01 16:25:58,8.94,1.91,0.88,3.52,16:25:58,17.0754
1900-01-01 16:25:59,8.94,1.92,0.89,3.52,16:25:59,17.1648
1900-01-01 16:26:00,8.94,1.91,0.89,3.53,16:26:00,17.0754
1900-01-01 16:26:01,8.93,1.92,0.89,3.53,16:26:01,17.145599999999998
1900-01-01 16:26:02,8.94,1.91,0.89,3.52,16:26:02,17.0754
1900-01-01 16:26:03,8.94,1.91,0.9,3.54,16:26:03,17.0754
1900-01-01 16:26:04,8.94,1.91,0.89,3.53,16:26:04,17.0754
1900-01-01 16:26:05,8.94,1.91,0.89,3.52,16:26:05,17.0754
1900-01-01 16:26:06,8.93,1.91,0.89,3.53,16:26:06,17.0563
1900-01-01 16:26:07,8.95,1.92,0.89,3.53,16:26:07,17.183999999999997
1900-01-01 16:26:08,8.94,1.92,0.89,3.53,16:26:08,17.1648
1900-01-01 16:26:09,8.93,1.91,0.89,3.53,16:26:09,17.0563
1900-01-01 16:26:10,8.95,1.91,0.89,3.52,16:26:10,17.094499999999996
1900-01-01 16:26:11,8.95,1.91,0.9,3.52,16:26:11,17.094499999999996
1900-01-01 16:26:12,8.94,1.91,0.89,3.54,16:26:12,17.0754
1900-01-01 16:26:13,8.94,1.91,0.89,3.52,16:26:13,17.0754
1900-01-01 16:26:14,8.94,1.92,0.89,3.54,16:26:14,17.1648
1900-01-01 16:26:15,8.94,1.92,0.89,3.52,16:26:15,17.1648
1900-01-01 16:26:16,8.93,1.91,0.89,3.53,16:26:16,17.0563
1900-01-01 16:26:17,8.94,1.91,0.89,3.53,16:26:17,17.0754
1900-01-01 16:26:18,8.94,1.91,0.89,3.53,16:26:18,17.0754
1900-01-01 16:26:19,8.94,1.91,0.89,3.53,16:26:19,17.0754
1900-01-01 16:26:20,8.94,1.91,0.89,3.53,16:26:20,17.0754
1900-01-01 16:26:21,8.93,1.92,0.9,3.54,16:26:21,17.145599999999998
1900-01-01 16:26:22,8.94,1.91,0.89,3.53,16:26:22,17.0754
1900-01-01 16:26:23,8.94,1.92,0.9,3.54,16:26:23,17.1648
1900-01-01 16:26:24,8.95,1.91,0.89,3.53,16:26:24,17.094499999999996
1900-01-01 16:26:25,8.94,1.91,0.89,3.53,16:26:25,17.0754
1900-01-01 16:26:26,8.93,1.91,0.89,3.54,16:26:26,17.0563
1900-01-01 16:26:27,8.95,1.91,0.89,3.54,16:26:27,17.094499999999996
1900-01-01 16:26:28,8.95,1.91,0.9,3.54,16:26:28,17.094499999999996
1900-01-01 16:26:29,8.94,1.91,0.89,3.52,16:26:29,17.0754
1900-01-01 16:26:30,8.94,1.92,0.88,3.52,16:26:30,17.1648
1900-01-01 16:26:31,8.94,1.91,0.89,3.52,16:26:31,17.0754
1900-01-01 16:26:32,8.94,1.91,0.89,3.53,16:26:32,17.0754
1900-01-01 16:26:33,8.94,1.91,0.89,3.53,16:26:33,17.0754
1900-01-01 16:26:34,8.94,1.92,0.9,3.54,16:26:34,17.1648
1900-01-01 16:26:35,8.93,1.91,0.89,3.53,16:26:35,17.0563
1900-01-01 16:26:36,8.94,1.91,0.89,3.53,16:26:36,17.0754
1900-01-01 16:26:37,8.94,1.91,0.88,3.52,16:26:37,17.0754
1900-01-01 16:26:38,8.95,1.91,0.89,3.54,16:26:38,17.094499999999996
1900-01-01 16:26:39,8.94,1.92,0.89,3.54,16:26:39,17.1648
1900-01-01 16:26:40,8.95,1.92,0.89,3.53,16:26:40,17.183999999999997
1900-01-01 16:26:41,8.94,1.91,0.89,3.52,16:26:41,17.0754
1900-01-01 16:26:42,8.94,1.91,0.89,3.53,16:26:42,17.0754
1900-01-01 16:26:43,8.95,1.91,0.9,3.54,16:26:43,17.094499999999996
1900-01-01 16:26:44,8.94,1.91,0.89,3.53,16:26:44,17.0754
1900-01-01 16:26:45,8.94,1.91,0.89,3.54,16:26:45,17.0754
1900-01-01 16:26:46,8.94,1.91,0.89,3.52,16:26:46,17.0754
1900-01-01 16:26:47,8.95,1.92,0.89,3.53,16:26:47,17.183999999999997
1900-01-01 16:26:48,8.94,1.92,0.9,3.54,16:26:48,17.1648
1900-01-01 16:26:49,8.93,1.91,0.88,3.52,16:26:49,17.0563
1900-01-01 16:26:50,8.95,1.92,0.89,3.53,16:26:50,17.183999999999997
1900-01-01 16:26:51,8.95,1.91,0.89,3.53,16:26:51,17.094499999999996
1900-01-01 16:26:52,8.94,1.91,0.89,3.52,16:26:52,17.0754
1900-01-01 16:26:53,8.94,1.91,0.89,3.53,16:26:53,17.0754
1900-01-01 16:26:54,8.94,1.91,0.89,3.53,16:26:54,17.0754
1900-01-01 16:26:55,8.94,1.91,0.88,3.52,16:26:55,17.0754
1900-01-01 16:26:56,8.93,1.91,0.89,3.53,16:26:56,17.0563
1900-01-01 16:26:57,8.93,1.91,0.9,3.53,16:26:57,17.0563
1900-01-01 16:26:58,8.93,1.91,0.9,3.54,16:26:58,17.0563
1900-01-01 16:26:59,8.94,1.92,0.9,3.54,16:26:59,17.1648
1900-01-01 16:27:00,8.95,1.92,0.89,3.54,16:27:00,17.183999999999997
1900-01-01 16:27:01,8.94,1.91,0.89,3.53,16:27:01,17.0754
1900-01-01 16:27:02,8.95,1.92,0.9,3.54,16:27:02,17.183999999999997
1900-01-01 16:27:03,8.95,1.91,0.89,3.53,16:27:03,17.094499999999996
1900-01-01 16:27:04,8.94,1.92,0.89,3.54,16:27:04,17.1648
1900-01-01 16:27:05,8.95,1.91,0.89,3.53,16:27:05,17.094499999999996
1900-01-01 16:27:06,8.95,1.92,0.9,3.54,16:27:06,17.183999999999997
1900-01-01 16:27:07,8.94,1.91,0.89,3.53,16:27:07,17.0754
1900-01-01 16:27:08,8.95,1.92,0.89,3.53,16:27:08,17.183999999999997
1900-01-01 16:27:09,8.95,1.91,0.89,3.52,16:27:09,17.094499999999996
1900-01-01 16:27:10,8.94,1.91,0.89,3.53,16:27:10,17.0754
1900-01-01 16:27:11,8.94,1.91,0.89,3.53,16:27:11,17.0754
1900-01-01 16:27:12,8.94,1.92,0.89,3.53,16:27:12,17.1648
1900-01-01 16:27:13,8.93,1.91,0.9,3.53,16:27:13,17.0563
1900-01-01 16:27:14,8.95,1.92,0.89,3.53,16:27:14,17.183999999999997
1900-01-01 16:27:15,8.94,1.92,0.89,3.52,16:27:15,17.1648
1900-01-01 16:27:16,8.94,1.92,0.89,3.54,16:27:16,17.1648
1900-01-01 16:27:17,8.93,1.92,0.89,3.52,16:27:17,17.145599999999998
1900-01-01 16:27:18,8.94,1.92,0.89,3.54,16:27:18,17.1648
1900-01-01 16:27:19,8.95,1.92,0.89,3.53,16:27:19,17.183999999999997
1900-01-01 16:27:20,8.94,1.92,0.9,3.53,16:27:20,17.1648
1900-01-01 16:27:21,8.94,1.91,0.89,3.53,16:27:21,17.0754
1900-01-01 16:27:22,8.95,1.91,0.89,3.53,16:27:22,17.094499999999996
1900-01-01 16:27:23,8.94,1.92,0.89,3.53,16:27:23,17.1648
1900-01-01 16:27:24,8.94,1.92,0.89,3.53,16:27:24,17.1648
1900-01-01 16:27:25,8.93,1.92,0.89,3.54,16:27:25,17.145599999999998
1900-01-01 16:27:26,8.93,1.92,0.89,3.52,16:27:26,17.145599999999998
1900-01-01 16:27:27,8.94,1.92,0.89,3.52,16:27:27,17.1648
1900-01-01 16:27:28,8.94,1.91,0.89,3.53,16:27:28,17.0754
1900-01-01 16:27:29,8.94,1.91,0.89,3.54,16:27:29,17.0754
1900-01-01 16:27:30,8.93,1.91,0.89,3.53,16:27:30,17.0563
1900-01-01 16:27:31,8.94,1.91,0.89,3.52,16:27:31,17.0754
1900-01-01 16:27:32,8.94,1.91,0.89,3.53,16:27:32,17.0754
1900-01-01 16:27:33,8.94,1.92,0.89,3.53,16:27:33,17.1648
1900-01-01 16:27:34,8.94,1.91,0.89,3.53,16:27:34,17.0754
1900-01-01 16:27:35,8.94,1.91,0.89,3.52,16:27:35,17.0754
1900-01-01 16:27:36,8.95,1.92,0.89,3.54,16:27:36,17.183999999999997
1900-01-01 16:27:37,8.93,1.91,0.89,3.53,16:27:37,17.0563
1900-01-01 16:27:38,8.94,1.92,0.9,3.54,16:27:38,17.1648
1900-01-01 16:27:39,8.94,1.91,0.89,3.53,16:27:39,17.0754
1900-01-01 16:27:40,8.94,1.91,0.89,3.53,16:27:40,17.0754
1900-01-01 16:27:41,8.93,1.91,0.89,3.53,16:27:41,17.0563
1900-01-01 16:27:42,8.95,1.92,0.9,3.53,16:27:42,17.183999999999997
1900-01-01 16:27:43,8.94,1.91,0.89,3.53,16:27:43,17.0754
1900-01-01 16:27:44,8.95,1.92,0.89,3.54,16:27:44,17.183999999999997
1900-01-01 16:27:45,8.95,1.91,0.9,3.54,16:27:45,17.094499999999996
1900-01-01 16:27:46,8.93,1.92,0.89,3.53,16:27:46,17.145599999999998
1900-01-01 16:27:47,8.94,1.92,0.89,3.53,16:27:47,17.1648
1900-01-01 16:27:48,8.95,1.92,0.89,3.53,16:27:48,17.183999999999997
1900-01-01 16:27:49,8.96,1.91,0.89,3.53,16:27:49,17.1136
1900-01-01 16:27:50,8.95,1.91,0.89,3.53,16:27:50,17.094499999999996
1900-01-01 16:27:51,8.94,1.91,0.89,3.52,16:27:51,17.0754
1900-01-01 16:27:52,8.94,1.91,0.89,3.52,16:27:52,17.0754
1900-01-01 16:27:53,8.94,1.92,0.89,3.53,16:27:53,17.1648
1900-01-01 16:27:54,8.94,1.92,0.89,3.53,16:27:54,17.1648
1900-01-01 16:27:55,8.94,1.91,0.89,3.53,16:27:55,17.0754
1900-01-01 16:27:56,8.93,1.92,0.89,3.53,16:27:56,17.145599999999998
1900-01-01 16:27:57,8.93,1.91,0.9,3.53,16:27:57,17.0563
1900-01-01 16:27:58,8.94,1.92,0.89,3.53,16:27:58,17.1648
1900-01-01 16:27:59,8.94,1.92,0.88,3.53,16:27:59,17.1648
1900-01-01 16:28:00,8.95,1.91,0.89,3.53,16:28:00,17.094499999999996
1900-01-01 16:28:01,8.94,1.92,0.89,3.53,16:28:01,17.1648
1900-01-01 16:28:02,8.95,1.91,0.89,3.53,16:28:02,17.094499999999996
1900-01-01 16:28:03,8.94,1.91,0.89,3.53,16:28:03,17.0754
1900-01-01 16:28:04,8.94,1.91,0.89,3.52,16:28:04,17.0754
1900-01-01 16:28:05,8.95,1.91,0.89,3.54,16:28:05,17.094499999999996
1900-01-01 16:28:06,8.94,1.92,0.89,3.53,16:28:06,17.1648
1900-01-01 16:28:07,8.94,1.91,0.89,3.53,16:28:07,17.0754
1900-01-01 16:28:08,8.94,1.91,0.89,3.52,16:28:08,17.0754
1900-01-01 16:28:09,8.94,1.92,0.89,3.53,16:28:09,17.1648
1900-01-01 16:28:10,8.95,1.91,0.9,3.53,16:28:10,17.094499999999996
1900-01-01 16:28:11,8.94,1.91,0.89,3.53,16:28:11,17.0754
1900-01-01 16:28:12,8.94,1.92,0.89,3.53,16:28:12,17.1648
1900-01-01 16:28:13,8.95,1.91,0.9,3.54,16:28:13,17.094499999999996
1900-01-01 16:28:14,8.93,1.92,0.89,3.53,16:28:14,17.145599999999998
1900-01-01 16:28:15,8.94,1.91,0.9,3.54,16:28:15,17.0754
1900-01-01 16:28:16,8.94,1.92,0.89,3.52,16:28:16,17.1648
1900-01-01 16:28:17,8.93,1.91,0.89,3.53,16:28:17,17.0563
1900-01-01 16:28:18,8.94,1.91,0.89,3.52,16:28:18,17.0754
1900-01-01 16:28:19,8.94,1.91,0.89,3.52,16:28:19,17.0754
1900-01-01 16:28:20,8.94,1.92,0.9,3.54,16:28:20,17.1648
1900-01-01 16:28:21,8.95,1.91,0.89,3.52,16:28:21,17.094499999999996
1900-01-01 16:28:22,8.94,1.92,0.89,3.53,16:28:22,17.1648
1900-01-01 16:28:23,8.94,1.92,0.89,3.53,16:28:23,17.1648
1900-01-01 16:28:24,8.94,1.92,0.9,3.54,16:28:24,17.1648
1900-01-01 16:28:25,8.94,1.92,0.89,3.52,16:28:25,17.1648
1900-01-01 16:28:26,8.94,1.92,0.89,3.54,16:28:26,17.1648
1900-01-01 16:28:27,8.94,1.91,0.89,3.53,16:28:27,17.0754
1900-01-01 16:28:28,8.94,1.91,0.89,3.53,16:28:28,17.0754
1900-01-01 16:28:29,8.93,1.91,0.89,3.53,16:28:29,17.0563
1900-01-01 16:28:30,8.94,1.91,0.89,3.53,16:28:30,17.0754
1900-01-01 16:28:31,8.95,1.91,0.9,3.54,16:28:31,17.094499999999996
1900-01-01 16:28:32,8.94,1.91,0.89,3.52,16:28:32,17.0754
1900-01-01 16:28:33,8.94,1.91,0.89,3.52,16:28:33,17.0754
1900-01-01 16:28:34,8.95,1.92,0.89,3.53,16:28:34,17.183999999999997
1900-01-01 16:28:35,8.95,1.92,0.9,3.53,16:28:35,17.183999999999997
1900-01-01 16:28:36,8.94,1.92,0.88,3.53,16:28:36,17.1648
1900-01-01 16:28:37,8.94,1.91,0.89,3.53,16:28:37,17.0754
1900-01-01 16:28:38,8.95,1.91,0.89,3.53,16:28:38,17.094499999999996
1900-01-01 16:28:39,8.94,1.91,0.9,3.53,16:28:39,17.0754
1900-01-01 16:28:40,8.94,1.92,0.89,3.53,16:28:40,17.1648
1900-01-01 16:28:41,8.94,1.92,0.89,3.53,16:28:41,17.1648
1900-01-01 16:28:42,8.94,1.91,0.89,3.53,16:28:42,17.0754
1900-01-01 16:28:43,8.94,1.92,0.89,3.52,16:28:43,17.1648
1900-01-01 16:28:44,8.94,1.92,0.89,3.53,16:28:44,17.1648
1900-01-01 16:28:45,8.94,1.92,0.9,3.54,16:28:45,17.1648
1900-01-01 16:28:46,8.95,1.92,0.89,3.54,16:28:46,17.183999999999997
1900-01-01 16:28:47,8.95,1.92,0.9,3.54,16:28:47,17.183999999999997
1900-01-01 16:28:48,8.94,1.92,0.88,3.53,16:28:48,17.1648
1900-01-01 16:28:49,8.94,1.91,0.9,3.54,16:28:49,17.0754
1900-01-01 16:28:50,8.94,1.91,0.88,3.52,16:28:50,17.0754
1900-01-01 16:28:51,8.95,1.91,0.89,3.52,16:28:51,17.094499999999996
1900-01-01 16:28:52,8.94,1.91,0.9,3.53,16:28:52,17.0754
1900-01-01 16:28:53,8.95,1.92,0.89,3.54,16:28:53,17.183999999999997
1900-01-01 16:28:54,8.94,1.92,0.89,3.54,16:28:54,17.1648
1900-01-01 16:28:55,8.94,1.92,0.89,3.52,16:28:55,17.1648
1900-01-01 16:28:56,8.95,1.92,0.9,3.54,16:28:56,17.183999999999997
1900-01-01 16:28:57,8.94,1.91,0.89,3.53,16:28:57,17.0754
1900-01-01 16:28:58,8.95,1.92,0.89,3.52,16:28:58,17.183999999999997
1900-01-01 16:28:59,8.94,1.91,0.89,3.54,16:28:59,17.0754
1900-01-01 16:29:00,8.94,1.92,0.89,3.53,16:29:00,17.1648
1900-01-01 16:29:01,8.94,1.91,0.89,3.52,16:29:01,17.0754
1900-01-01 16:29:02,8.94,1.91,0.89,3.53,16:29:02,17.0754
1900-01-01 16:29:03,8.94,1.92,0.89,3.54,16:29:03,17.1648
1900-01-01 16:29:04,8.93,1.92,0.89,3.53,16:29:04,17.145599999999998
1900-01-01 16:29:05,8.94,1.91,0.89,3.53,16:29:05,17.0754
1900-01-01 16:29:06,8.95,1.92,0.89,3.54,16:29:06,17.183999999999997
1900-01-01 16:29:07,8.94,1.92,0.89,3.53,16:29:07,17.1648
1900-01-01 16:29:08,8.95,1.92,0.89,3.54,16:29:08,17.183999999999997
1900-01-01 16:29:09,8.95,1.92,0.89,3.53,16:29:09,17.183999999999997
1900-01-01 16:29:10,8.95,1.92,0.89,3.53,16:29:10,17.183999999999997
1900-01-01 16:29:11,8.94,1.92,0.89,3.53,16:29:11,17.1648
1900-01-01 16:29:12,8.94,1.91,0.89,3.53,16:29:12,17.0754
1900-01-01 16:29:13,8.94,1.91,0.89,3.52,16:29:13,17.0754
1900-01-01 16:29:14,8.94,1.91,0.89,3.52,16:29:14,17.0754
1900-01-01 16:29:15,8.94,1.92,0.89,3.54,16:29:15,17.1648
1900-01-01 16:29:16,8.94,1.91,0.89,3.54,16:29:16,17.0754
1900-01-01 16:29:17,8.95,1.92,0.89,3.53,16:29:17,17.183999999999997
1900-01-01 16:29:18,8.95,1.92,0.9,3.54,16:29:18,17.183999999999997
1900-01-01 16:29:19,8.94,1.92,0.89,3.52,16:29:19,17.1648
1900-01-01 16:29:20,8.95,1.92,0.89,3.53,16:29:20,17.183999999999997
1900-01-01 16:29:21,8.94,1.92,0.89,3.53,16:29:21,17.1648
1900-01-01 16:29:22,8.93,1.91,0.89,3.52,16:29:22,17.0563
1900-01-01 16:29:23,8.93,1.92,0.9,3.54,16:29:23,17.145599999999998
1900-01-01 16:29:24,8.94,1.92,0.89,3.53,16:29:24,17.1648
1900-01-01 16:29:25,8.95,1.91,0.89,3.53,16:29:25,17.094499999999996
1900-01-01 16:29:26,8.94,1.91,0.89,3.53,16:29:26,17.0754
1900-01-01 16:29:27,8.95,1.92,0.9,3.53,16:29:27,17.183999999999997
1900-01-01 16:29:28,8.94,1.92,0.9,3.54,16:29:28,17.1648
1900-01-01 16:29:29,8.95,1.92,0.89,3.53,16:29:29,17.183999999999997
1900-01-01 16:29:30,8.94,1.92,0.89,3.54,16:29:30,17.1648
1900-01-01 16:29:31,8.95,1.91,0.89,3.52,16:29:31,17.094499999999996
1900-01-01 16:29:32,8.94,1.92,0.89,3.53,16:29:32,17.1648
1900-01-01 16:29:33,8.95,1.92,0.9,3.53,16:29:33,17.183999999999997
1900-01-01 16:29:34,8.93,1.92,0.89,3.54,16:29:34,17.145599999999998
1900-01-01 16:29:35,8.94,1.92,0.89,3.52,16:29:35,17.1648
1900-01-01 16:29:36,8.94,1.92,0.9,3.54,16:29:36,17.1648
1900-01-01 16:29:37,8.95,1.92,0.89,3.52,16:29:37,17.183999999999997
1900-01-01 16:29:38,8.95,1.92,0.9,3.54,16:29:38,17.183999999999997
1900-01-01 16:29:39,8.94,1.92,0.89,3.52,16:29:39,17.1648
1900-01-01 16:29:40,8.94,1.92,0.89,3.53,16:29:40,17.1648
1900-01-01 16:29:41,8.93,1.91,0.89,3.53,16:29:41,17.0563
1900-01-01 16:29:42,8.94,1.92,0.9,3.54,16:29:42,17.1648
1900-01-01 16:29:43,8.94,1.91,0.89,3.53,16:29:43,17.0754
1900-01-01 16:29:44,8.94,1.92,0.89,3.54,16:29:44,17.1648
1900-01-01 16:29:45,8.94,1.91,0.89,3.52,16:29:45,17.0754
1900-01-01 16:29:46,8.94,1.92,0.9,3.54,16:29:46,17.1648
1900-01-01 16:29:47,8.94,1.92,0.89,3.53,16:29:47,17.1648
1900-01-01 16:29:48,8.94,1.91,0.89,3.52,16:29:48,17.0754
1900-01-01 16:29:49,8.95,1.92,0.89,3.53,16:29:49,17.183999999999997
1900-01-01 16:29:50,8.94,1.91,0.89,3.53,16:29:50,17.0754
1900-01-01 16:29:51,8.95,1.91,0.89,3.52,16:29:51,17.094499999999996
1900-01-01 16:29:52,8.94,1.92,0.9,3.54,16:29:52,17.1648
1900-01-01 16:29:53,8.94,1.92,0.89,3.53,16:29:53,17.1648
1900-01-01 16:29:54,8.95,1.92,0.89,3.53,16:29:54,17.183999999999997
1900-01-01 16:29:55,8.95,1.92,0.9,3.54,16:29:55,17.183999999999997
1900-01-01 16:29:56,8.94,1.92,0.89,3.52,16:29:56,17.1648
1900-01-01 16:29:57,8.95,1.92,0.89,3.54,16:29:57,17.183999999999997
1900-01-01 16:29:58,8.95,1.92,0.89,3.54,16:29:58,17.183999999999997
1900-01-01 16:29:59,8.94,1.92,0.89,3.52,16:29:59,17.1648
1900-01-01 16:30:00,8.94,1.91,0.89,3.54,16:30:00,17.0754
1900-01-01 16:30:01,8.94,1.92,0.89,3.53,16:30:01,17.1648
1900-01-01 16:30:02,8.94,1.92,0.89,3.53,16:30:02,17.1648
1900-01-01 16:30:03,8.94,1.91,0.89,3.53,16:30:03,17.0754
1900-01-01 16:30:04,8.94,1.92,0.89,3.53,16:30:04,17.1648
1900-01-01 16:30:05,8.95,1.92,0.89,3.54,16:30:05,17.183999999999997
1900-01-01 16:30:06,8.94,1.91,0.89,3.54,16:30:06,17.0754
1900-01-01 16:30:07,8.94,1.92,0.88,3.53,16:30:07,17.1648
1900-01-01 16:30:08,8.94,1.92,0.9,3.54,16:30:08,17.1648
1900-01-01 16:30:09,8.94,1.91,0.9,3.54,16:30:09,17.0754
1900-01-01 16:30:10,8.94,1.91,0.89,3.54,16:30:10,17.0754
1900-01-01 16:30:11,8.94,1.92,0.9,3.54,16:30:11,17.1648
1900-01-01 16:30:12,8.95,1.92,0.89,3.53,16:30:12,17.183999999999997
1900-01-01 16:30:13,8.94,1.92,0.89,3.53,16:30:13,17.1648
1900-01-01 16:30:14,8.94,1.92,0.89,3.54,16:30:14,17.1648
1900-01-01 16:30:15,8.94,1.91,0.89,3.53,16:30:15,17.0754
1900-01-01 16:30:16,8.94,1.92,0.9,3.53,16:30:16,17.1648
1900-01-01 16:30:17,8.94,1.91,0.9,3.54,16:30:17,17.0754
1900-01-01 16:30:18,8.95,1.92,0.89,3.53,16:30:18,17.183999999999997
1900-01-01 16:30:19,8.94,1.91,0.89,3.54,16:30:19,17.0754
1900-01-01 16:30:20,8.94,1.91,0.89,3.53,16:30:20,17.0754
1900-01-01 16:30:21,8.95,1.92,0.89,3.53,16:30:21,17.183999999999997
1900-01-01 16:30:22,8.94,1.91,0.89,3.54,16:30:22,17.0754
1900-01-01 16:30:23,8.95,1.91,0.89,3.53,16:30:23,17.094499999999996
1900-01-01 16:30:24,8.94,1.92,0.89,3.53,16:30:24,17.1648
1900-01-01 16:30:25,8.94,1.92,0.89,3.53,16:30:25,17.1648
1900-01-01 16:30:26,8.94,1.91,0.89,3.52,16:30:26,17.0754
1900-01-01 16:30:27,8.94,1.92,0.89,3.54,16:30:27,17.1648
1900-01-01 16:30:28,8.94,1.92,0.89,3.53,16:30:28,17.1648
1900-01-01 16:30:29,8.95,1.91,0.89,3.53,16:30:29,17.094499999999996
1900-01-01 16:30:30,8.95,1.92,0.89,3.53,16:30:30,17.183999999999997
1900-01-01 16:30:31,8.94,1.92,0.89,3.54,16:30:31,17.1648
1900-01-01 16:30:32,8.94,1.91,0.89,3.54,16:30:32,17.0754
1900-01-01 16:30:33,8.94,1.91,0.89,3.54,16:30:33,17.0754
1900-01-01 16:30:34,8.93,1.91,0.89,3.53,16:30:34,17.0563
1900-01-01 16:30:35,8.94,1.92,0.89,3.54,16:30:35,17.1648
1900-01-01 16:30:36,8.93,1.92,0.89,3.53,16:30:36,17.145599999999998
1900-01-01 16:30:37,8.94,1.91,0.89,3.52,16:30:37,17.0754
1900-01-01 16:30:38,8.94,1.91,0.89,3.53,16:30:38,17.0754
1900-01-01 16:30:39,8.94,1.92,0.89,3.53,16:30:39,17.1648
1900-01-01 16:30:40,8.94,1.92,0.89,3.53,16:30:40,17.1648
1900-01-01 16:30:41,8.94,1.92,0.89,3.53,16:30:41,17.1648
1900-01-01 16:30:42,8.94,1.92,0.9,3.54,16:30:42,17.1648
1900-01-01 16:30:43,8.94,1.92,0.9,3.54,16:30:43,17.1648
1900-01-01 16:30:44,8.94,1.92,0.89,3.52,16:30:44,17.1648
1900-01-01 16:30:45,8.94,1.92,0.89,3.54,16:30:45,17.1648
1900-01-01 16:30:46,8.95,1.92,0.89,3.54,16:30:46,17.183999999999997
1900-01-01 16:30:47,8.95,1.91,0.89,3.54,16:30:47,17.094499999999996
1900-01-01 16:30:48,8.94,1.92,0.89,3.53,16:30:48,17.1648
1900-01-01 16:30:49,8.94,1.91,0.89,3.52,16:30:49,17.0754
1900-01-01 16:30:50,8.93,1.91,0.89,3.52,16:30:50,17.0563
1900-01-01 16:30:51,8.94,1.91,0.89,3.53,16:30:51,17.0754
1900-01-01 16:30:52,8.94,1.91,0.9,3.53,16:30:52,17.0754
1900-01-01 16:30:53,8.94,1.92,0.89,3.53,16:30:53,17.1648
1900-01-01 16:30:54,8.94,1.91,0.89,3.53,16:30:54,17.0754
1900-01-01 16:30:55,8.94,1.91,0.9,3.52,16:30:55,17.0754
1900-01-01 16:30:56,8.93,1.92,0.89,3.53,16:30:56,17.145599999999998
1900-01-01 16:30:57,8.93,1.91,0.89,3.52,16:30:57,17.0563
1900-01-01 16:30:58,8.93,1.91,0.89,3.53,16:30:58,17.0563
1900-01-01 16:30:59,8.95,1.92,0.9,3.53,16:30:59,17.183999999999997
1900-01-01 16:31:00,8.94,1.91,0.89,3.54,16:31:00,17.0754
1900-01-01 16:31:01,8.94,1.91,0.89,3.52,16:31:01,17.0754
1900-01-01 16:31:02,8.93,1.92,0.89,3.53,16:31:02,17.145599999999998
1900-01-01 16:31:03,8.94,1.92,0.89,3.52,16:31:03,17.1648
1900-01-01 16:31:04,8.94,1.92,0.9,3.54,16:31:04,17.1648
1900-01-01 16:31:05,8.93,1.92,0.88,3.52,16:31:05,17.145599999999998
1900-01-01 16:31:06,8.95,1.92,0.89,3.54,16:31:06,17.183999999999997
1900-01-01 16:31:07,8.94,1.92,0.89,3.53,16:31:07,17.1648
1900-01-01 16:31:08,8.93,1.92,0.9,3.54,16:31:08,17.145599999999998
1900-01-01 16:31:09,8.94,1.91,0.89,3.54,16:31:09,17.0754
1900-01-01 16:31:10,8.94,1.91,0.89,3.53,16:31:10,17.0754
1900-01-01 16:31:11,8.94,1.91,0.89,3.53,16:31:11,17.0754
1900-01-01 16:31:12,8.94,1.91,0.89,3.53,16:31:12,17.0754
1900-01-01 16:31:13,8.94,1.91,0.89,3.53,16:31:13,17.0754
1900-01-01 16:31:14,8.94,1.91,0.9,3.54,16:31:14,17.0754
1900-01-01 16:31:15,8.94,1.92,0.9,3.52,16:31:15,17.1648
1900-01-01 16:31:16,8.94,1.92,0.89,3.54,16:31:16,17.1648
1900-01-01 16:31:17,8.95,1.91,0.89,3.53,16:31:17,17.094499999999996
1900-01-01 16:31:18,8.94,1.91,0.89,3.52,16:31:18,17.0754
1900-01-01 16:31:19,8.95,1.92,0.89,3.53,16:31:19,17.183999999999997
1900-01-01 16:31:20,8.94,1.92,0.89,3.52,16:31:20,17.1648
1900-01-01 16:31:21,8.94,1.92,0.89,3.52,16:31:21,17.1648
1900-01-01 16:31:22,8.94,1.92,0.89,3.53,16:31:22,17.1648
1900-01-01 16:31:23,8.94,1.92,0.89,3.54,16:31:23,17.1648
1900-01-01 16:31:24,8.95,1.92,0.89,3.53,16:31:24,17.183999999999997
1900-01-01 16:31:25,8.95,1.92,0.89,3.54,16:31:25,17.183999999999997
1900-01-01 16:31:26,8.94,1.91,0.89,3.52,16:31:26,17.0754
1900-01-01 16:31:27,8.94,1.91,0.89,3.53,16:31:27,17.0754
1900-01-01 16:31:28,8.95,1.92,0.89,3.52,16:31:28,17.183999999999997
1900-01-01 16:31:29,8.95,1.92,0.89,3.54,16:31:29,17.183999999999997
1900-01-01 16:31:30,8.94,1.92,0.89,3.53,16:31:30,17.1648
1900-01-01 16:31:31,8.94,1.92,0.88,3.53,16:31:31,17.1648
1900-01-01 16:31:32,8.94,1.91,0.89,3.53,16:31:32,17.0754
1900-01-01 16:31:33,8.94,1.91,0.89,3.53,16:31:33,17.0754
1900-01-01 16:31:34,8.95,1.92,0.89,3.53,16:31:34,17.183999999999997
1900-01-01 16:31:35,8.94,1.91,0.89,3.53,16:31:35,17.0754
1900-01-01 16:31:36,8.95,1.91,0.89,3.52,16:31:36,17.094499999999996
1900-01-01 16:31:37,8.94,1.91,0.89,3.53,16:31:37,17.0754
1900-01-01 16:31:38,8.94,1.91,0.9,3.53,16:31:38,17.0754
1900-01-01 16:31:39,8.94,1.91,0.89,3.52,16:31:39,17.0754
1900-01-01 16:31:40,8.94,1.92,0.88,3.53,16:31:40,17.1648
1900-01-01 16:31:41,8.95,1.92,0.89,3.53,16:31:41,17.183999999999997
1900-01-01 16:31:42,8.95,1.92,0.89,3.52,16:31:42,17.183999999999997
1900-01-01 16:31:43,8.94,1.92,0.89,3.52,16:31:43,17.1648
1900-01-01 16:31:44,8.94,1.92,0.89,3.53,16:31:44,17.1648
1900-01-01 16:31:45,8.94,1.92,0.89,3.52,16:31:45,17.1648
1900-01-01 16:31:46,8.94,1.91,0.89,3.53,16:31:46,17.0754
1900-01-01 16:31:47,8.94,1.92,0.89,3.53,16:31:47,17.1648
1900-01-01 16:31:48,8.94,1.92,0.89,3.52,16:31:48,17.1648
1900-01-01 16:31:49,8.94,1.91,0.9,3.53,16:31:49,17.0754
1900-01-01 16:31:50,8.93,1.92,0.89,3.53,16:31:50,17.145599999999998
1900-01-01 16:31:51,8.95,1.91,0.89,3.54,16:31:51,17.094499999999996
1900-01-01 16:31:52,8.94,1.92,0.9,3.54,16:31:52,17.1648
1900-01-01 16:31:53,8.94,1.92,0.89,3.53,16:31:53,17.1648
1900-01-01 16:31:54,8.95,1.92,0.89,3.54,16:31:54,17.183999999999997
1900-01-01 16:31:55,8.94,1.92,0.89,3.53,16:31:55,17.1648
1900-01-01 16:31:56,8.94,1.92,0.9,3.54,16:31:56,17.1648
1900-01-01 16:31:57,8.94,1.91,0.89,3.53,16:31:57,17.0754
1900-01-01 16:31:58,8.95,1.92,0.89,3.54,16:31:58,17.183999999999997
1900-01-01 16:31:59,8.94,1.91,0.89,3.52,16:31:59,17.0754
1900-01-01 16:32:00,8.95,1.92,0.89,3.53,16:32:00,17.183999999999997
1900-01-01 16:32:01,8.94,1.92,0.89,3.53,16:32:01,17.1648
1900-01-01 16:32:02,8.94,1.92,0.9,3.53,16:32:02,17.1648
1900-01-01 16:32:03,8.95,1.92,0.89,3.53,16:32:03,17.183999999999997
1900-01-01 16:32:04,8.94,1.92,0.89,3.53,16:32:04,17.1648
1900-01-01 16:32:05,8.94,1.92,0.9,3.53,16:32:05,17.1648
1900-01-01 16:32:06,8.95,1.92,0.89,3.53,16:32:06,17.183999999999997
1900-01-01 16:32:07,8.95,1.92,0.89,3.53,16:32:07,17.183999999999997
1900-01-01 16:32:08,8.95,1.92,0.89,3.53,16:32:08,17.183999999999997
1900-01-01 16:32:09,8.95,1.92,0.89,3.53,16:32:09,17.183999999999997
1900-01-01 16:32:10,8.94,1.92,0.89,3.53,16:32:10,17.1648
1900-01-01 16:32:11,8.94,1.92,0.89,3.53,16:32:11,17.1648
1900-01-01 16:32:12,8.94,1.92,0.89,3.52,16:32:12,17.1648
1900-01-01 16:32:13,8.95,1.92,0.89,3.53,16:32:13,17.183999999999997
1900-01-01 16:32:14,8.94,1.91,0.89,3.52,16:32:14,17.0754
1900-01-01 16:32:15,8.95,1.91,0.89,3.52,16:32:15,17.094499999999996
1900-01-01 16:32:16,8.94,1.92,0.89,3.53,16:32:16,17.1648
1900-01-01 16:32:17,8.93,1.91,0.89,3.53,16:32:17,17.0563
1900-01-01 16:32:18,8.94,1.92,0.89,3.53,16:32:18,17.1648
1900-01-01 16:32:19,8.95,1.92,0.9,3.54,16:32:19,17.183999999999997
1900-01-01 16:32:20,8.94,1.91,0.89,3.53,16:32:20,17.0754
1900-01-01 16:32:21,8.94,1.92,0.9,3.54,16:32:21,17.1648
1900-01-01 16:32:22,8.94,1.92,0.89,3.53,16:32:22,17.1648
1900-01-01 16:32:23,8.95,1.92,0.89,3.53,16:32:23,17.183999999999997
1900-01-01 16:32:24,8.95,1.92,0.9,3.54,16:32:24,17.183999999999997
1900-01-01 16:32:25,8.94,1.92,0.89,3.54,16:32:25,17.1648
1900-01-01 16:32:26,8.95,1.92,0.89,3.52,16:32:26,17.183999999999997
1900-01-01 16:32:27,8.95,1.92,0.89,3.54,16:32:27,17.183999999999997
1900-01-01 16:32:28,8.94,1.92,0.89,3.54,16:32:28,17.1648
1900-01-01 16:32:29,8.93,1.91,0.89,3.53,16:32:29,17.0563
1900-01-01 16:32:30,8.95,1.92,0.89,3.53,16:32:30,17.183999999999997
1900-01-01 16:32:31,8.94,1.91,0.89,3.53,16:32:31,17.0754
1900-01-01 16:32:32,8.94,1.92,0.89,3.52,16:32:32,17.1648
1900-01-01 16:32:33,8.94,1.92,0.89,3.53,16:32:33,17.1648
1900-01-01 16:32:34,8.93,1.92,0.9,3.52,16:32:34,17.145599999999998
1900-01-01 16:32:35,8.94,1.92,0.89,3.54,16:32:35,17.1648
1900-01-01 16:32:36,8.93,1.92,0.89,3.53,16:32:36,17.145599999999998
1900-01-01 16:32:37,8.94,1.91,0.89,3.52,16:32:37,17.0754
1900-01-01 16:32:38,8.94,1.92,0.89,3.53,16:32:38,17.1648
1900-01-01 16:32:39,8.94,1.91,0.89,3.53,16:32:39,17.0754
1900-01-01 16:32:40,8.94,1.92,0.89,3.54,16:32:40,17.1648
1900-01-01 16:32:41,8.94,1.92,0.89,3.53,16:32:41,17.1648
1900-01-01 16:32:42,8.94,1.92,0.89,3.52,16:32:42,17.1648
1900-01-01 16:32:43,8.94,1.92,0.89,3.54,16:32:43,17.1648
1900-01-01 16:32:44,8.94,1.92,0.89,3.53,16:32:44,17.1648
1900-01-01 16:32:45,8.94,1.91,0.89,3.54,16:32:45,17.0754
1900-01-01 16:32:46,8.95,1.92,0.89,3.54,16:32:46,17.183999999999997
1900-01-01 16:32:47,8.94,1.92,0.9,3.54,16:32:47,17.1648
1900-01-01 16:32:48,8.95,1.91,0.88,3.53,16:32:48,17.094499999999996
1900-01-01 16:32:49,8.95,1.92,0.89,3.53,16:32:49,17.183999999999997
1900-01-01 16:32:50,8.94,1.92,0.9,3.54,16:32:50,17.1648
1900-01-01 16:32:51,8.94,1.92,0.89,3.53,16:32:51,17.1648
1900-01-01 16:32:52,8.94,1.92,0.89,3.52,16:32:52,17.1648
1900-01-01 16:32:53,8.94,1.92,0.89,3.53,16:32:53,17.1648
1900-01-01 16:32:54,8.94,1.92,0.89,3.53,16:32:54,17.1648
1900-01-01 16:32:55,8.94,1.92,0.9,3.53,16:32:55,17.1648
1900-01-01 16:32:56,8.94,1.91,0.9,3.53,16:32:56,17.0754
1900-01-01 16:32:57,8.94,1.91,0.89,3.53,16:32:57,17.0754
1900-01-01 16:32:58,8.95,1.92,0.89,3.52,16:32:58,17.183999999999997
1900-01-01 16:32:59,8.94,1.92,0.89,3.53,16:32:59,17.1648
1900-01-01 16:33:00,8.94,1.92,0.89,3.52,16:33:00,17.1648
1900-01-01 16:33:01,8.94,1.91,0.9,3.53,16:33:01,17.0754
1900-01-01 16:33:02,8.94,1.92,0.89,3.52,16:33:02,17.1648
1900-01-01 16:33:03,8.94,1.92,0.88,3.54,16:33:03,17.1648
1900-01-01 16:33:04,8.94,1.92,0.89,3.54,16:33:04,17.1648
1900-01-01 16:33:05,8.95,1.92,0.89,3.52,16:33:05,17.183999999999997
1900-01-01 16:33:06,8.94,1.91,0.89,3.52,16:33:06,17.0754
1900-01-01 16:33:07,8.95,1.91,0.89,3.53,16:33:07,17.094499999999996
1900-01-01 16:33:08,8.94,1.91,0.89,3.53,16:33:08,17.0754
1900-01-01 16:33:09,8.94,1.91,0.89,3.54,16:33:09,17.0754
1900-01-01 16:33:10,8.93,1.92,0.89,3.53,16:33:10,17.145599999999998
1900-01-01 16:33:11,8.95,1.92,0.89,3.54,16:33:11,17.183999999999997
1900-01-01 16:33:12,8.94,1.92,0.89,3.53,16:33:12,17.1648
1900-01-01 16:33:13,8.94,1.92,0.89,3.52,16:33:13,17.1648
1900-01-01 16:33:14,8.95,1.92,0.89,3.52,16:33:14,17.183999999999997
1900-01-01 16:33:15,8.95,1.92,0.89,3.53,16:33:15,17.183999999999997
1900-01-01 16:33:16,8.94,1.91,0.89,3.53,16:33:16,17.0754
1900-01-01 16:33:17,8.94,1.92,0.89,3.54,16:33:17,17.1648
1900-01-01 16:33:18,8.94,1.91,0.89,3.53,16:33:18,17.0754
1900-01-01 16:33:19,8.94,1.92,0.9,3.53,16:33:19,17.1648
1900-01-01 16:33:20,8.94,1.92,0.89,3.53,16:33:20,17.1648
1900-01-01 16:33:21,8.95,1.92,0.9,3.54,16:33:21,17.183999999999997
1900-01-01 16:33:22,8.95,1.91,0.89,3.53,16:33:22,17.094499999999996
1900-01-01 16:33:23,8.95,1.92,0.9,3.54,16:33:23,17.183999999999997
1900-01-01 16:33:24,8.94,1.92,0.89,3.54,16:33:24,17.1648
1900-01-01 16:33:25,8.94,1.91,0.89,3.53,16:33:25,17.0754
1900-01-01 16:33:26,8.95,1.91,0.89,3.52,16:33:26,17.094499999999996
1900-01-01 16:33:27,8.94,1.92,0.89,3.52,16:33:27,17.1648
1900-01-01 16:33:28,8.94,1.92,0.89,3.53,16:33:28,17.1648
1900-01-01 16:33:29,8.94,1.92,0.89,3.52,16:33:29,17.1648
1900-01-01 16:33:30,8.94,1.91,0.9,3.53,16:33:30,17.0754
1900-01-01 16:33:31,8.94,1.91,0.89,3.53,16:33:31,17.0754
1900-01-01 16:33:32,8.93,1.91,0.89,3.52,16:33:32,17.0563
1900-01-01 16:33:33,8.95,1.91,0.89,3.53,16:33:33,17.094499999999996
1900-01-01 16:33:34,8.95,1.92,0.9,3.53,16:33:34,17.183999999999997
1900-01-01 16:33:35,8.95,1.92,0.89,3.54,16:33:35,17.183999999999997
1900-01-01 16:33:36,8.94,1.91,0.9,3.53,16:33:36,17.0754
1900-01-01 16:33:37,8.94,1.92,0.89,3.54,16:33:37,17.1648
1900-01-01 16:33:38,8.93,1.92,0.89,3.53,16:33:38,17.145599999999998
1900-01-01 16:33:39,8.95,1.92,0.88,3.53,16:33:39,17.183999999999997
1900-01-01 16:33:40,8.94,1.92,0.89,3.52,16:33:40,17.1648
1900-01-01 16:33:41,8.95,1.92,0.89,3.54,16:33:41,17.183999999999997
1900-01-01 16:33:42,8.93,1.91,0.89,3.53,16:33:42,17.0563
1900-01-01 16:33:43,8.94,1.92,0.89,3.53,16:33:43,17.1648
1900-01-01 16:33:44,8.95,1.92,0.89,3.53,16:33:44,17.183999999999997
1900-01-01 16:33:45,8.95,1.92,0.89,3.52,16:33:45,17.183999999999997
1900-01-01 16:33:46,8.94,1.15,0.82,3.46,16:33:46,10.280999999999999
1900-01-01 16:33:47,8.94,1.44,0.85,3.49,16:33:47,12.873599999999998
1900-01-01 16:33:48,8.95,1.44,0.85,3.49,16:33:48,12.887999999999998
1900-01-01 16:33:49,8.94,1.44,0.85,3.49,16:33:49,12.873599999999998
1900-01-01 16:33:50,8.94,1.44,0.85,3.48,16:33:50,12.873599999999998
1900-01-01 16:33:51,8.94,1.44,0.85,3.48,16:33:51,12.873599999999998
1900-01-01 16:33:52,8.94,1.44,0.84,3.49,16:33:52,12.873599999999998
1900-01-01 16:33:53,8.95,1.44,0.85,3.49,16:33:53,12.887999999999998
1900-01-01 16:33:54,8.94,1.44,0.84,3.48,16:33:54,12.873599999999998
1900-01-01 16:33:55,8.94,1.44,0.85,3.49,16:33:55,12.873599999999998
1900-01-01 16:33:56,8.94,1.44,0.85,3.49,16:33:56,12.873599999999998
1900-01-01 16:33:57,8.94,1.44,0.84,3.49,16:33:57,12.873599999999998
1900-01-01 16:33:58,8.94,1.44,0.85,3.49,16:33:58,12.873599999999998
1900-01-01 16:33:59,8.95,1.44,0.85,3.49,16:33:59,12.887999999999998
1900-01-01 16:34:00,8.96,1.44,0.85,3.49,16:34:00,12.9024
1900-01-01 16:34:01,8.94,1.44,0.85,3.49,16:34:01,12.873599999999998
1900-01-01 16:34:02,8.95,1.44,0.85,3.49,16:34:02,12.887999999999998
1900-01-01 16:34:03,8.95,1.44,0.85,3.49,16:34:03,12.887999999999998
1900-01-01 16:34:04,8.95,1.44,0.85,3.49,16:34:04,12.887999999999998
1900-01-01 16:34:05,8.95,1.44,0.85,3.49,16:34:05,12.887999999999998
1900-01-01 16:34:06,8.95,1.44,0.85,3.48,16:34:06,12.887999999999998
1900-01-01 16:34:07,8.94,1.44,0.85,3.48,16:34:07,12.873599999999998
1900-01-01 16:34:08,8.94,1.44,0.85,3.48,16:34:08,12.873599999999998
1900-01-01 16:34:09,8.94,1.44,0.85,3.49,16:34:09,12.873599999999998
1900-01-01 16:34:10,8.95,1.44,0.85,3.49,16:34:10,12.887999999999998
1900-01-01 16:34:11,8.95,1.44,0.85,3.49,16:34:11,12.887999999999998
1900-01-01 16:34:12,8.95,1.44,0.85,3.48,16:34:12,12.887999999999998
1900-01-01 16:34:13,8.95,1.44,0.85,3.49,16:34:13,12.887999999999998
1900-01-01 16:34:14,8.94,1.44,0.84,3.48,16:34:14,12.873599999999998
1900-01-01 16:34:15,8.95,1.44,0.85,3.49,16:34:15,12.887999999999998
1900-01-01 16:34:16,8.94,1.43,0.85,3.48,16:34:16,12.784199999999998
1900-01-01 16:34:17,8.95,1.44,0.85,3.49,16:34:17,12.887999999999998
1900-01-01 16:34:18,8.95,1.44,0.85,3.49,16:34:18,12.887999999999998
1900-01-01 16:34:19,8.94,1.44,0.85,3.49,16:34:19,12.873599999999998
1900-01-01 16:34:20,8.94,1.44,0.85,3.48,16:34:20,12.873599999999998
1900-01-01 16:34:21,8.95,1.44,0.85,3.49,16:34:21,12.887999999999998
1900-01-01 16:34:22,8.94,1.44,0.85,3.48,16:34:22,12.873599999999998
1900-01-01 16:34:23,8.94,1.44,0.85,3.49,16:34:23,12.873599999999998
1900-01-01 16:34:24,8.93,1.44,0.84,3.48,16:34:24,12.8592
1900-01-01 16:34:25,8.95,1.44,0.84,3.48,16:34:25,12.887999999999998
1900-01-01 16:34:26,8.94,1.44,0.85,3.49,16:34:26,12.873599999999998
1900-01-01 16:34:27,8.95,1.44,0.85,3.49,16:34:27,12.887999999999998
1900-01-01 16:34:28,8.95,1.44,0.84,3.49,16:34:28,12.887999999999998
1900-01-01 16:34:29,8.94,1.44,0.85,3.48,16:34:29,12.873599999999998
1900-01-01 16:34:30,8.94,1.44,0.84,3.48,16:34:30,12.873599999999998
1900-01-01 16:34:31,8.95,1.44,0.85,3.48,16:34:31,12.887999999999998
1900-01-01 16:34:32,8.95,1.44,0.85,3.48,16:34:32,12.887999999999998
1900-01-01 16:34:33,8.95,1.44,0.85,3.49,16:34:33,12.887999999999998
1900-01-01 16:34:34,8.96,1.44,0.85,3.49,16:34:34,12.9024
1900-01-01 16:34:35,8.95,1.43,0.85,3.48,16:34:35,12.798499999999999
1900-01-01 16:34:36,8.94,1.44,0.85,3.49,16:34:36,12.873599999999998
1900-01-01 16:34:37,8.95,1.44,0.85,3.48,16:34:37,12.887999999999998
1900-01-01 16:34:38,8.96,1.44,0.85,3.49,16:34:38,12.9024
1900-01-01 16:34:39,8.94,1.44,0.85,3.49,16:34:39,12.873599999999998
1900-01-01 16:34:40,8.94,1.44,0.85,3.49,16:34:40,12.873599999999998
1900-01-01 16:34:41,8.95,1.44,0.84,3.48,16:34:41,12.887999999999998
1900-01-01 16:34:42,8.94,1.44,0.85,3.48,16:34:42,12.873599999999998
1900-01-01 16:34:43,8.94,1.44,0.85,3.48,16:34:43,12.873599999999998
1900-01-01 16:34:44,8.95,1.44,0.85,3.49,16:34:44,12.887999999999998
1900-01-01 16:34:45,8.95,1.43,0.85,3.49,16:34:45,12.798499999999999
1900-01-01 16:34:46,8.94,1.44,0.85,3.49,16:34:46,12.873599999999998
1900-01-01 16:34:47,8.95,1.44,0.85,3.48,16:34:47,12.887999999999998
1900-01-01 16:34:48,8.95,1.44,0.85,3.49,16:34:48,12.887999999999998
1900-01-01 16:34:49,8.94,1.44,0.85,3.49,16:34:49,12.873599999999998
1900-01-01 16:34:50,8.95,1.43,0.85,3.48,16:34:50,12.798499999999999
1900-01-01 16:34:51,8.94,1.44,0.85,3.49,16:34:51,12.873599999999998
1900-01-01 16:34:52,8.95,1.44,0.84,3.49,16:34:52,12.887999999999998
1900-01-01 16:34:53,8.95,1.43,0.85,3.49,16:34:53,12.798499999999999
1900-01-01 16:34:54,8.94,1.44,0.85,3.49,16:34:54,12.873599999999998
1900-01-01 16:34:55,8.94,1.44,0.85,3.49,16:34:55,12.873599999999998
1900-01-01 16:34:56,8.94,1.44,0.85,3.49,16:34:56,12.873599999999998
1900-01-01 16:34:57,8.94,1.44,0.85,3.49,16:34:57,12.873599999999998
1900-01-01 16:34:58,8.94,1.44,0.85,3.49,16:34:58,12.873599999999998
1900-01-01 16:34:59,8.95,1.44,0.85,3.48,16:34:59,12.887999999999998
1900-01-01 16:35:00,8.95,1.44,0.84,3.48,16:35:00,12.887999999999998
1900-01-01 16:35:01,8.94,1.44,0.84,3.48,16:35:01,12.873599999999998
1900-01-01 16:35:02,8.93,1.44,0.85,3.48,16:35:02,12.8592
1900-01-01 16:35:03,8.95,1.43,0.85,3.48,16:35:03,12.798499999999999
1900-01-01 16:35:04,8.94,1.44,0.85,3.48,16:35:04,12.873599999999998
1900-01-01 16:35:05,8.94,1.43,0.85,3.49,16:35:05,12.784199999999998
1900-01-01 16:35:06,8.94,1.44,0.84,3.49,16:35:06,12.873599999999998
1900-01-01 16:35:07,8.94,1.44,0.85,3.48,16:35:07,12.873599999999998
1900-01-01 16:35:08,8.94,1.43,0.84,3.49,16:35:08,12.784199999999998
1900-01-01 16:35:09,8.94,1.43,0.85,3.49,16:35:09,12.784199999999998
1900-01-01 16:35:10,8.94,1.44,0.84,3.48,16:35:10,12.873599999999998
1900-01-01 16:35:11,8.94,1.44,0.84,3.48,16:35:11,12.873599999999998
1900-01-01 16:35:12,8.94,1.44,0.84,3.48,16:35:12,12.873599999999998
1900-01-01 16:35:13,8.94,1.44,0.85,3.49,16:35:13,12.873599999999998
1900-01-01 16:35:14,8.95,1.44,0.85,3.48,16:35:14,12.887999999999998
1900-01-01 16:35:15,8.95,1.44,0.85,3.49,16:35:15,12.887999999999998
1900-01-01 16:35:16,8.94,1.44,0.85,3.48,16:35:16,12.873599999999998
1900-01-01 16:35:17,8.95,1.44,0.85,3.49,16:35:17,12.887999999999998
1900-01-01 16:35:18,8.94,1.44,0.85,3.49,16:35:18,12.873599999999998
1900-01-01 16:35:19,8.95,1.44,0.85,3.49,16:35:19,12.887999999999998
1900-01-01 16:35:20,8.94,1.44,0.85,3.49,16:35:20,12.873599999999998
1900-01-01 16:35:21,8.95,1.44,0.85,3.48,16:35:21,12.887999999999998
1900-01-01 16:35:22,8.94,1.44,0.85,3.49,16:35:22,12.873599999999998
1900-01-01 16:35:23,8.94,1.43,0.85,3.48,16:35:23,12.784199999999998
1900-01-01 16:35:24,8.94,1.44,0.84,3.48,16:35:24,12.873599999999998
1900-01-01 16:35:25,8.94,1.44,0.85,3.48,16:35:25,12.873599999999998
1900-01-01 16:35:26,8.94,1.44,0.85,3.48,16:35:26,12.873599999999998
1900-01-01 16:35:27,8.94,1.44,0.85,3.48,16:35:27,12.873599999999998
1900-01-01 16:35:28,8.93,1.44,0.84,3.48,16:35:28,12.8592
1900-01-01 16:35:29,8.95,1.44,0.85,3.49,16:35:29,12.887999999999998
1900-01-01 16:35:30,8.94,1.44,0.85,3.49,16:35:30,12.873599999999998
1900-01-01 16:35:31,8.93,1.44,0.85,3.49,16:35:31,12.8592
1900-01-01 16:35:32,8.94,1.43,0.85,3.49,16:35:32,12.784199999999998
1900-01-01 16:35:33,8.94,1.44,0.85,3.49,16:35:33,12.873599999999998
1900-01-01 16:35:34,8.95,1.44,0.85,3.49,16:35:34,12.887999999999998
1900-01-01 16:35:35,8.95,1.44,0.85,3.48,16:35:35,12.887999999999998
1900-01-01 16:35:36,8.95,1.44,0.84,3.49,16:35:36,12.887999999999998
1900-01-01 16:35:37,8.94,1.44,0.85,3.48,16:35:37,12.873599999999998
1900-01-01 16:35:38,8.94,1.44,0.85,3.49,16:35:38,12.873599999999998
1900-01-01 16:35:39,8.94,1.44,0.85,3.48,16:35:39,12.873599999999998
1900-01-01 16:35:40,8.93,1.44,0.85,3.49,16:35:40,12.8592
1900-01-01 16:35:41,8.94,1.44,0.84,3.48,16:35:41,12.873599999999998
1900-01-01 16:35:42,8.94,1.44,0.85,3.49,16:35:42,12.873599999999998
1900-01-01 16:35:43,8.93,1.44,0.84,3.49,16:35:43,12.8592
1900-01-01 16:35:44,8.94,1.44,0.85,3.49,16:35:44,12.873599999999998
1900-01-01 16:35:45,8.94,1.44,0.85,3.49,16:35:45,12.873599999999998
1900-01-01 16:35:46,8.94,1.44,0.85,3.49,16:35:46,12.873599999999998
1900-01-01 16:35:47,8.93,1.44,0.85,3.49,16:35:47,12.8592
1900-01-01 16:35:48,8.93,1.44,0.84,3.49,16:35:48,12.8592
1900-01-01 16:35:49,8.94,1.43,0.85,3.48,16:35:49,12.784199999999998
1900-01-01 16:35:50,8.95,1.44,0.85,3.49,16:35:50,12.887999999999998
1900-01-01 16:35:51,8.95,1.44,0.85,3.48,16:35:51,12.887999999999998
1900-01-01 16:35:52,8.94,1.43,0.85,3.48,16:35:52,12.784199999999998
1900-01-01 16:35:53,8.96,1.43,0.85,3.49,16:35:53,12.812800000000001
1900-01-01 16:35:54,8.94,1.44,0.85,3.49,16:35:54,12.873599999999998
1900-01-01 16:35:55,8.95,1.44,0.85,3.49,16:35:55,12.887999999999998
1900-01-01 16:35:56,8.94,1.44,0.85,3.49,16:35:56,12.873599999999998
1900-01-01 16:35:57,8.95,1.44,0.85,3.49,16:35:57,12.887999999999998
1900-01-01 16:35:58,8.94,1.44,0.85,3.49,16:35:58,12.873599999999998
1900-01-01 16:35:59,8.95,1.44,0.85,3.49,16:35:59,12.887999999999998
1900-01-01 16:36:00,8.95,1.43,0.85,3.48,16:36:00,12.798499999999999
1900-01-01 16:36:01,8.95,1.44,0.85,3.49,16:36:01,12.887999999999998
1900-01-01 16:36:02,8.95,1.44,0.85,3.48,16:36:02,12.887999999999998
1900-01-01 16:36:03,8.95,1.44,0.84,3.48,16:36:03,12.887999999999998
1900-01-01 16:36:04,8.95,1.44,0.85,3.49,16:36:04,12.887999999999998
1900-01-01 16:36:05,8.95,1.44,0.85,3.49,16:36:05,12.887999999999998
1900-01-01 16:36:06,8.94,1.43,0.84,3.48,16:36:06,12.784199999999998
1900-01-01 16:36:07,8.94,1.44,0.84,3.49,16:36:07,12.873599999999998
1900-01-01 16:36:08,8.93,1.44,0.85,3.49,16:36:08,12.8592
1900-01-01 16:36:09,8.95,1.44,0.85,3.49,16:36:09,12.887999999999998
1900-01-01 16:36:10,8.95,1.44,0.85,3.49,16:36:10,12.887999999999998
1900-01-01 16:36:11,8.94,1.44,0.85,3.48,16:36:11,12.873599999999998
1900-01-01 16:36:12,8.95,1.44,0.85,3.49,16:36:12,12.887999999999998
1900-01-01 16:36:13,8.95,1.44,0.85,3.49,16:36:13,12.887999999999998
1900-01-01 16:36:14,8.94,1.44,0.85,3.49,16:36:14,12.873599999999998
1900-01-01 16:36:15,8.94,1.44,0.85,3.48,16:36:15,12.873599999999998
1900-01-01 16:36:16,8.95,1.44,0.85,3.48,16:36:16,12.887999999999998
1900-01-01 16:36:17,8.95,1.44,0.85,3.49,16:36:17,12.887999999999998
1900-01-01 16:36:18,8.94,1.44,0.85,3.49,16:36:18,12.873599999999998
1900-01-01 16:36:19,8.95,1.44,0.85,3.49,16:36:19,12.887999999999998
1900-01-01 16:36:20,8.95,1.44,0.85,3.49,16:36:20,12.887999999999998
1900-01-01 16:36:21,8.94,1.44,0.85,3.48,16:36:21,12.873599999999998
1900-01-01 16:36:22,8.95,1.44,0.85,3.49,16:36:22,12.887999999999998
1900-01-01 16:36:23,8.95,1.44,0.85,3.49,16:36:23,12.887999999999998
1900-01-01 16:36:24,8.95,1.44,0.85,3.49,16:36:24,12.887999999999998
1900-01-01 16:36:25,8.95,1.44,0.85,3.49,16:36:25,12.887999999999998
1900-01-01 16:36:26,8.94,1.44,0.85,3.48,16:36:26,12.873599999999998
1900-01-01 16:36:27,8.94,1.44,0.85,3.49,16:36:27,12.873599999999998
1900-01-01 16:36:28,8.95,1.44,0.85,3.49,16:36:28,12.887999999999998
1900-01-01 16:36:29,8.95,1.43,0.85,3.48,16:36:29,12.798499999999999
1900-01-01 16:36:30,8.95,1.44,0.85,3.49,16:36:30,12.887999999999998
1900-01-01 16:36:31,8.95,1.43,0.85,3.49,16:36:31,12.798499999999999
1900-01-01 16:36:32,8.94,1.44,0.85,3.49,16:36:32,12.873599999999998
1900-01-01 16:36:33,8.94,1.44,0.85,3.48,16:36:33,12.873599999999998
1900-01-01 16:36:34,8.95,1.44,0.85,3.49,16:36:34,12.887999999999998
1900-01-01 16:36:35,8.95,1.43,0.85,3.49,16:36:35,12.798499999999999
1900-01-01 16:36:36,8.94,1.44,0.85,3.48,16:36:36,12.873599999999998
1900-01-01 16:36:37,8.94,1.44,0.84,3.48,16:36:37,12.873599999999998
1900-01-01 16:36:38,8.94,1.44,0.85,3.48,16:36:38,12.873599999999998
1900-01-01 16:36:39,8.94,1.44,0.85,3.49,16:36:39,12.873599999999998
1900-01-01 16:36:40,8.95,1.44,0.85,3.49,16:36:40,12.887999999999998
1900-01-01 16:36:41,8.95,1.44,0.85,3.49,16:36:41,12.887999999999998
1900-01-01 16:36:42,8.94,1.44,0.85,3.48,16:36:42,12.873599999999998
1900-01-01 16:36:43,8.95,1.44,0.85,3.49,16:36:43,12.887999999999998
1900-01-01 16:36:44,8.95,1.44,0.84,3.48,16:36:44,12.887999999999998
1900-01-01 16:36:45,8.95,1.44,0.85,3.48,16:36:45,12.887999999999998
1900-01-01 16:36:46,8.95,1.44,0.85,3.49,16:36:46,12.887999999999998
1900-01-01 16:36:47,8.94,1.44,0.85,3.48,16:36:47,12.873599999999998
1900-01-01 16:36:48,8.95,1.44,0.85,3.49,16:36:48,12.887999999999998
1900-01-01 16:36:49,8.94,1.44,0.85,3.49,16:36:49,12.873599999999998
1900-01-01 16:36:50,8.95,1.44,0.85,3.49,16:36:50,12.887999999999998
1900-01-01 16:36:51,8.94,1.44,0.85,3.49,16:36:51,12.873599999999998
1900-01-01 16:36:52,8.94,1.44,0.84,3.48,16:36:52,12.873599999999998
1900-01-01 16:36:53,8.94,1.44,0.85,3.48,16:36:53,12.873599999999998
1900-01-01 16:36:54,8.94,1.44,0.84,3.48,16:36:54,12.873599999999998
1900-01-01 16:36:55,8.93,1.44,0.85,3.49,16:36:55,12.8592
1900-01-01 16:36:56,8.94,1.43,0.85,3.49,16:36:56,12.784199999999998
1900-01-01 16:36:57,8.94,1.43,0.85,3.49,16:36:57,12.784199999999998
1900-01-01 16:36:58,8.95,1.44,0.85,3.49,16:36:58,12.887999999999998
1900-01-01 16:36:59,8.94,1.44,0.85,3.49,16:36:59,12.873599999999998
1900-01-01 16:37:00,8.94,1.44,0.85,3.49,16:37:00,12.873599999999998
1900-01-01 16:37:01,8.95,1.43,0.85,3.48,16:37:01,12.798499999999999
1900-01-01 16:37:02,8.94,1.44,0.84,3.48,16:37:02,12.873599999999998
1900-01-01 16:37:03,8.94,1.44,0.84,3.48,16:37:03,12.873599999999998
1900-01-01 16:37:04,8.94,1.44,0.85,3.49,16:37:04,12.873599999999998
1900-01-01 16:37:05,8.94,1.44,0.85,3.49,16:37:05,12.873599999999998
1900-01-01 16:37:06,8.94,1.44,0.85,3.49,16:37:06,12.873599999999998
1900-01-01 16:37:07,8.93,1.44,0.85,3.48,16:37:07,12.8592
1900-01-01 16:37:08,8.94,1.44,0.84,3.48,16:37:08,12.873599999999998
1900-01-01 16:37:09,8.94,1.44,0.84,3.48,16:37:09,12.873599999999998
1900-01-01 16:37:10,8.94,1.44,0.85,3.48,16:37:10,12.873599999999998
1900-01-01 16:37:11,8.94,1.44,0.85,3.48,16:37:11,12.873599999999998
1900-01-01 16:37:12,8.95,1.44,0.85,3.49,16:37:12,12.887999999999998
1900-01-01 16:37:13,8.94,1.44,0.85,3.49,16:37:13,12.873599999999998
1900-01-01 16:37:14,8.94,1.44,0.85,3.49,16:37:14,12.873599999999998
1900-01-01 16:37:15,8.94,1.44,0.85,3.49,16:37:15,12.873599999999998
1900-01-01 16:37:16,8.94,1.44,0.85,3.49,16:37:16,12.873599999999998
1900-01-01 16:37:17,8.94,1.44,0.85,3.49,16:37:17,12.873599999999998
1900-01-01 16:37:18,8.94,1.43,0.85,3.48,16:37:18,12.784199999999998
1900-01-01 16:37:19,8.93,1.44,0.85,3.48,16:37:19,12.8592
1900-01-01 16:37:20,8.93,1.44,0.85,3.48,16:37:20,12.8592
1900-01-01 16:37:21,8.94,1.43,0.85,3.48,16:37:21,12.784199999999998
1900-01-01 16:37:22,8.95,1.44,0.85,3.49,16:37:22,12.887999999999998
1900-01-01 16:37:23,8.95,1.44,0.85,3.49,16:37:23,12.887999999999998
1900-01-01 16:37:24,8.94,1.44,0.85,3.49,16:37:24,12.873599999999998
1900-01-01 16:37:25,8.94,1.44,0.85,3.49,16:37:25,12.873599999999998
1900-01-01 16:37:26,8.94,1.44,0.85,3.49,16:37:26,12.873599999999998
1900-01-01 16:37:27,8.94,1.44,0.85,3.49,16:37:27,12.873599999999998
1900-01-01 16:37:28,8.94,1.44,0.85,3.49,16:37:28,12.873599999999998
1900-01-01 16:37:29,8.94,1.44,0.85,3.49,16:37:29,12.873599999999998
1900-01-01 16:37:30,8.94,1.44,0.84,3.49,16:37:30,12.873599999999998
1900-01-01 16:37:31,8.94,1.44,0.84,3.49,16:37:31,12.873599999999998
1900-01-01 16:37:32,8.95,1.44,0.85,3.49,16:37:32,12.887999999999998
1900-01-01 16:37:33,8.94,1.44,0.84,3.48,16:37:33,12.873599999999998
1900-01-01 16:37:34,8.94,1.44,0.84,3.48,16:37:34,12.873599999999998
1900-01-01 16:37:35,8.94,1.44,0.85,3.48,16:37:35,12.873599999999998
1900-01-01 16:37:36,8.94,1.44,0.84,3.48,16:37:36,12.873599999999998
1900-01-01 16:37:37,8.94,1.44,0.84,3.48,16:37:37,12.873599999999998
1900-01-01 16:37:38,8.94,1.44,0.85,3.49,16:37:38,12.873599999999998
1900-01-01 16:37:39,8.94,1.44,0.85,3.49,16:37:39,12.873599999999998
1900-01-01 16:37:40,8.94,1.44,0.85,3.49,16:37:40,12.873599999999998
1900-01-01 16:37:41,8.94,1.43,0.85,3.49,16:37:41,12.784199999999998
1900-01-01 16:37:42,8.95,1.44,0.84,3.48,16:37:42,12.887999999999998
1900-01-01 16:37:43,8.94,1.44,0.85,3.48,16:37:43,12.873599999999998
1900-01-01 16:37:44,8.94,1.44,0.85,3.48,16:37:44,12.873599999999998
1900-01-01 16:37:45,8.94,1.44,0.85,3.49,16:37:45,12.873599999999998
1900-01-01 16:37:46,8.94,1.44,0.85,3.49,16:37:46,12.873599999999998
1900-01-01 16:37:47,8.93,1.44,0.85,3.48,16:37:47,12.8592
1900-01-01 16:37:48,8.93,1.44,0.85,3.48,16:37:48,12.8592
1900-01-01 16:37:49,8.95,1.43,0.85,3.49,16:37:49,12.798499999999999
1900-01-01 16:37:50,8.94,1.43,0.85,3.49,16:37:50,12.784199999999998
1900-01-01 16:37:51,8.94,1.43,0.85,3.49,16:37:51,12.784199999999998
1900-01-01 16:37:52,8.94,1.44,0.84,3.49,16:37:52,12.873599999999998
1900-01-01 16:37:53,8.95,1.44,0.85,3.48,16:37:53,12.887999999999998
1900-01-01 16:37:54,8.95,1.44,0.85,3.48,16:37:54,12.887999999999998
1900-01-01 16:37:55,8.93,1.44,0.85,3.49,16:37:55,12.8592
1900-01-01 16:37:56,8.93,1.44,0.85,3.49,16:37:56,12.8592
1900-01-01 16:37:57,8.93,1.44,0.85,3.49,16:37:57,12.8592
1900-01-01 16:37:58,8.94,1.44,0.85,3.48,16:37:58,12.873599999999998
1900-01-01 16:37:59,8.95,1.44,0.85,3.48,16:37:59,12.887999999999998
1900-01-01 16:38:00,8.94,1.44,0.85,3.48,16:38:00,12.873599999999998
1900-01-01 16:38:01,8.94,1.44,0.85,3.48,16:38:01,12.873599999999998
1900-01-01 16:38:02,8.94,1.44,0.85,3.48,16:38:02,12.873599999999998
1900-01-01 16:38:03,8.94,1.44,0.85,3.48,16:38:03,12.873599999999998
1900-01-01 16:38:04,8.94,1.44,0.85,3.49,16:38:04,12.873599999999998
1900-01-01 16:38:05,8.95,1.43,0.85,3.48,16:38:05,12.798499999999999
1900-01-01 16:38:06,8.95,1.44,0.85,3.49,16:38:06,12.887999999999998
1900-01-01 16:38:07,8.93,1.43,0.85,3.48,16:38:07,12.7699
1900-01-01 16:38:08,8.94,1.44,0.85,3.49,16:38:08,12.873599999999998
1900-01-01 16:38:09,8.94,1.44,0.85,3.48,16:38:09,12.873599999999998
1900-01-01 16:38:10,8.94,1.44,0.85,3.49,16:38:10,12.873599999999998
1900-01-01 16:38:11,8.94,1.44,0.85,3.49,16:38:11,12.873599999999998
1900-01-01 16:38:12,8.95,1.43,0.85,3.49,16:38:12,12.798499999999999
1900-01-01 16:38:13,8.94,1.44,0.85,3.49,16:38:13,12.873599999999998
1900-01-01 16:38:14,8.94,1.44,0.84,3.48,16:38:14,12.873599999999998
1900-01-01 16:38:15,8.94,1.44,0.85,3.49,16:38:15,12.873599999999998
1900-01-01 16:38:16,8.95,1.43,0.85,3.48,16:38:16,12.798499999999999
1900-01-01 16:38:17,8.95,1.44,0.84,3.48,16:38:17,12.887999999999998
1900-01-01 16:38:18,8.94,1.44,0.85,3.49,16:38:18,12.873599999999998
1900-01-01 16:38:19,8.95,1.44,0.85,3.48,16:38:19,12.887999999999998
1900-01-01 16:38:20,8.95,1.44,0.84,3.48,16:38:20,12.887999999999998
1900-01-01 16:38:21,8.95,1.44,0.85,3.49,16:38:21,12.887999999999998
1900-01-01 16:38:22,8.95,1.44,0.85,3.49,16:38:22,12.887999999999998
1900-01-01 16:38:23,8.95,1.44,0.85,3.49,16:38:23,12.887999999999998
1900-01-01 16:38:24,8.94,1.44,0.85,3.49,16:38:24,12.873599999999998
1900-01-01 16:38:25,8.95,1.43,0.85,3.49,16:38:25,12.798499999999999
1900-01-01 16:38:26,8.94,1.44,0.85,3.49,16:38:26,12.873599999999998
1900-01-01 16:38:27,8.94,1.44,0.85,3.49,16:38:27,12.873599999999998
1900-01-01 16:38:28,8.95,1.44,0.85,3.49,16:38:28,12.887999999999998
1900-01-01 16:38:29,8.94,1.44,0.85,3.48,16:38:29,12.873599999999998
1900-01-01 16:38:30,8.94,1.44,0.85,3.49,16:38:30,12.873599999999998
1900-01-01 16:38:31,8.94,1.44,0.85,3.48,16:38:31,12.873599999999998
1900-01-01 16:38:32,8.95,1.44,0.84,3.48,16:38:32,12.887999999999998
1900-01-01 16:38:33,8.93,1.44,0.85,3.48,16:38:33,12.8592
1900-01-01 16:38:34,8.94,1.44,0.85,3.49,16:38:34,12.873599999999998
1900-01-01 16:38:35,8.93,1.44,0.85,3.48,16:38:35,12.8592
1900-01-01 16:38:36,8.94,1.44,0.84,3.48,16:38:36,12.873599999999998
1900-01-01 16:38:37,8.95,1.44,0.84,3.48,16:38:37,12.887999999999998
1900-01-01 16:38:38,8.94,1.44,0.84,3.49,16:38:38,12.873599999999998
1900-01-01 16:38:39,8.95,1.44,0.85,3.49,16:38:39,12.887999999999998
1900-01-01 16:38:40,8.94,1.44,0.85,3.49,16:38:40,12.873599999999998
1900-01-01 16:38:41,8.94,1.44,0.85,3.48,16:38:41,12.873599999999998
1900-01-01 16:38:42,8.94,1.44,0.84,3.49,16:38:42,12.873599999999998
1900-01-01 16:38:43,8.94,1.44,0.84,3.48,16:38:43,12.873599999999998
1900-01-01 16:38:44,8.95,1.44,0.85,3.49,16:38:44,12.887999999999998
1900-01-01 16:38:45,8.95,1.44,0.85,3.49,16:38:45,12.887999999999998
1900-01-01 16:38:46,8.94,1.44,0.85,3.49,16:38:46,12.873599999999998
1900-01-01 16:38:47,8.94,1.44,0.84,3.49,16:38:47,12.873599999999998
1900-01-01 16:38:48,8.95,1.44,0.85,3.49,16:38:48,12.887999999999998
1900-01-01 16:38:49,8.95,1.44,0.85,3.49,16:38:49,12.887999999999998
1900-01-01 16:38:50,8.94,1.43,0.85,3.48,16:38:50,12.784199999999998
1900-01-01 16:38:51,8.95,1.44,0.85,3.48,16:38:51,12.887999999999998
1900-01-01 16:38:52,8.94,1.44,0.84,3.48,16:38:52,12.873599999999998
1900-01-01 16:38:53,8.94,1.44,0.85,3.48,16:38:53,12.873599999999998
1900-01-01 16:38:54,8.95,1.44,0.85,3.49,16:38:54,12.887999999999998
1900-01-01 16:38:55,8.94,1.44,0.85,3.48,16:38:55,12.873599999999998
1900-01-01 16:38:56,8.95,1.44,0.85,3.48,16:38:56,12.887999999999998
1900-01-01 16:38:57,8.94,1.43,0.85,3.48,16:38:57,12.784199999999998
1900-01-01 16:38:58,8.95,1.44,0.85,3.49,16:38:58,12.887999999999998
1900-01-01 16:38:59,8.95,1.44,0.85,3.49,16:38:59,12.887999999999998
1900-01-01 16:39:00,8.94,1.44,0.85,3.48,16:39:00,12.873599999999998
1900-01-01 16:39:01,8.94,1.44,0.85,3.48,16:39:01,12.873599999999998
1900-01-01 16:39:02,8.94,1.44,0.84,3.48,16:39:02,12.873599999999998
1900-01-01 16:39:03,8.94,1.44,0.85,3.48,16:39:03,12.873599999999998
1900-01-01 16:39:04,8.94,1.44,0.85,3.48,16:39:04,12.873599999999998
1900-01-01 16:39:05,8.95,1.44,0.85,3.49,16:39:05,12.887999999999998
1900-01-01 16:39:06,8.93,1.44,0.85,3.49,16:39:06,12.8592
1900-01-01 16:39:07,8.94,1.44,0.85,3.49,16:39:07,12.873599999999998
1900-01-01 16:39:08,8.95,1.43,0.85,3.49,16:39:08,12.798499999999999
1900-01-01 16:39:09,8.94,1.44,0.84,3.48,16:39:09,12.873599999999998
1900-01-01 16:39:10,8.94,1.44,0.85,3.49,16:39:10,12.873599999999998
1900-01-01 16:39:11,8.94,1.44,0.85,3.48,16:39:11,12.873599999999998
1900-01-01 16:39:12,8.94,1.44,0.85,3.49,16:39:12,12.873599999999998
1900-01-01 16:39:13,8.94,1.44,0.84,3.48,16:39:13,12.873599999999998
1900-01-01 16:39:14,8.95,1.43,0.85,3.49,16:39:14,12.798499999999999
1900-01-01 16:39:15,8.95,1.44,0.85,3.48,16:39:15,12.887999999999998
1900-01-01 16:39:16,8.94,1.44,0.85,3.49,16:39:16,12.873599999999998
1900-01-01 16:39:17,8.94,1.44,0.85,3.48,16:39:17,12.873599999999998
1900-01-01 16:39:18,8.94,1.44,0.85,3.49,16:39:18,12.873599999999998
1900-01-01 16:39:19,8.95,1.44,0.85,3.49,16:39:19,12.887999999999998
1900-01-01 16:39:20,8.95,1.44,0.85,3.48,16:39:20,12.887999999999998
1900-01-01 16:39:21,8.94,1.44,0.85,3.49,16:39:21,12.873599999999998
1900-01-01 16:39:22,8.94,1.44,0.85,3.48,16:39:22,12.873599999999998
1900-01-01 16:39:23,8.95,1.45,0.85,3.49,16:39:23,12.9775
1900-01-01 16:39:24,8.93,1.44,0.85,3.49,16:39:24,12.8592
1900-01-01 16:39:25,8.95,1.44,0.84,3.48,16:39:25,12.887999999999998
1900-01-01 16:39:26,8.94,1.44,0.84,3.48,16:39:26,12.873599999999998
1900-01-01 16:39:27,8.94,1.44,0.85,3.49,16:39:27,12.873599999999998
1900-01-01 16:39:28,8.94,1.44,0.85,3.48,16:39:28,12.873599999999998
1900-01-01 16:39:29,8.94,1.44,0.85,3.49,16:39:29,12.873599999999998
1900-01-01 16:39:30,8.94,1.44,0.85,3.49,16:39:30,12.873599999999998
1900-01-01 16:39:31,8.95,1.44,0.85,3.48,16:39:31,12.887999999999998
1900-01-01 16:39:32,8.95,1.44,0.85,3.48,16:39:32,12.887999999999998
1900-01-01 16:39:33,8.95,1.44,0.84,3.49,16:39:33,12.887999999999998
1900-01-01 16:39:34,8.94,1.43,0.85,3.49,16:39:34,12.784199999999998
1900-01-01 16:39:35,8.94,1.44,0.85,3.49,16:39:35,12.873599999999998
1900-01-01 16:39:36,8.94,1.44,0.85,3.49,16:39:36,12.873599999999998
1900-01-01 16:39:37,8.95,1.44,0.85,3.49,16:39:37,12.887999999999998
1900-01-01 16:39:38,8.94,1.43,0.85,3.48,16:39:38,12.784199999999998
1900-01-01 16:39:39,8.94,1.44,0.85,3.49,16:39:39,12.873599999999998
1900-01-01 16:39:40,8.95,1.44,0.85,3.48,16:39:40,12.887999999999998
1900-01-01 16:39:41,8.95,1.44,0.85,3.49,16:39:41,12.887999999999998
1900-01-01 16:39:42,8.95,1.44,0.85,3.49,16:39:42,12.887999999999998
1900-01-01 16:39:43,8.94,1.44,0.85,3.48,16:39:43,12.873599999999998
1900-01-01 16:39:44,8.95,1.44,0.85,3.49,16:39:44,12.887999999999998
1900-01-01 16:39:45,8.95,1.44,0.85,3.49,16:39:45,12.887999999999998
1900-01-01 16:39:46,8.94,1.44,0.85,3.49,16:39:46,12.873599999999998
1900-01-01 16:39:47,8.95,1.44,0.85,3.48,16:39:47,12.887999999999998
1900-01-01 16:39:48,8.95,1.44,0.84,3.48,16:39:48,12.887999999999998
1900-01-01 16:39:49,8.94,1.44,0.85,3.49,16:39:49,12.873599999999998
1900-01-01 16:39:50,8.94,1.44,0.85,3.48,16:39:50,12.873599999999998
1900-01-01 16:39:51,8.94,1.44,0.85,3.49,16:39:51,12.873599999999998
1900-01-01 16:39:52,8.94,1.44,0.85,3.48,16:39:52,12.873599999999998
1900-01-01 16:39:53,8.94,1.43,0.85,3.48,16:39:53,12.784199999999998
1900-01-01 16:39:54,8.94,1.44,0.85,3.48,16:39:54,12.873599999999998
1900-01-01 16:39:55,8.94,1.44,0.84,3.48,16:39:55,12.873599999999998
1900-01-01 16:39:56,8.94,1.44,0.85,3.49,16:39:56,12.873599999999998
1900-01-01 16:39:57,8.94,1.44,0.85,3.49,16:39:57,12.873599999999998
1900-01-01 16:39:58,8.95,1.44,0.85,3.49,16:39:58,12.887999999999998
1900-01-01 16:39:59,8.94,1.44,0.85,3.49,16:39:59,12.873599999999998
1900-01-01 16:40:00,8.95,1.44,0.84,3.49,16:40:00,12.887999999999998
1900-01-01 16:40:01,8.94,1.44,0.85,3.49,16:40:01,12.873599999999998
1900-01-01 16:40:02,8.95,1.44,0.85,3.49,16:40:02,12.887999999999998
1900-01-01 16:40:03,8.94,1.44,0.85,3.48,16:40:03,12.873599999999998
1900-01-01 16:40:04,8.94,1.44,0.85,3.49,16:40:04,12.873599999999998
1900-01-01 16:40:05,8.94,1.44,0.85,3.48,16:40:05,12.873599999999998
1900-01-01 16:40:06,8.94,1.44,0.85,3.49,16:40:06,12.873599999999998
1900-01-01 16:40:07,8.94,1.44,0.85,3.49,16:40:07,12.873599999999998
1900-01-01 16:40:08,8.95,1.44,0.85,3.48,16:40:08,12.887999999999998
1900-01-01 16:40:09,8.94,1.44,0.85,3.48,16:40:09,12.873599999999998
1900-01-01 16:40:10,8.94,1.44,0.85,3.49,16:40:10,12.873599999999998
1900-01-01 16:40:11,8.94,1.44,0.85,3.48,16:40:11,12.873599999999998
1900-01-01 16:40:12,8.94,1.44,0.85,3.49,16:40:12,12.873599999999998
1900-01-01 16:40:13,8.94,1.44,0.85,3.48,16:40:13,12.873599999999998
1900-01-01 16:40:14,8.95,1.44,0.85,3.49,16:40:14,12.887999999999998
1900-01-01 16:40:15,8.94,1.44,0.85,3.49,16:40:15,12.873599999999998
1900-01-01 16:40:16,8.95,1.44,0.85,3.48,16:40:16,12.887999999999998
1900-01-01 16:40:17,8.94,1.43,0.85,3.49,16:40:17,12.784199999999998
1900-01-01 16:40:18,8.94,1.43,0.85,3.48,16:40:18,12.784199999999998
1900-01-01 16:40:19,8.94,1.44,0.84,3.48,16:40:19,12.873599999999998
1900-01-01 16:40:20,8.95,1.44,0.85,3.49,16:40:20,12.887999999999998
1900-01-01 16:40:21,8.95,1.44,0.84,3.48,16:40:21,12.887999999999998
1900-01-01 16:40:22,8.95,1.44,0.84,3.49,16:40:22,12.887999999999998
1900-01-01 16:40:23,8.94,1.44,0.85,3.49,16:40:23,12.873599999999998
1900-01-01 16:40:24,8.94,1.44,0.85,3.48,16:40:24,12.873599999999998
1900-01-01 16:40:25,8.95,1.43,0.85,3.49,16:40:25,12.798499999999999
1900-01-01 16:40:26,8.95,1.44,0.85,3.48,16:40:26,12.887999999999998
1900-01-01 16:40:27,8.94,1.44,0.85,3.49,16:40:27,12.873599999999998
1900-01-01 16:40:28,8.94,1.44,0.84,3.49,16:40:28,12.873599999999998
1900-01-01 16:40:29,8.95,1.44,0.85,3.48,16:40:29,12.887999999999998
1900-01-01 16:40:30,8.94,1.44,0.84,3.49,16:40:30,12.873599999999998
1900-01-01 16:40:31,8.95,1.44,0.85,3.49,16:40:31,12.887999999999998
1900-01-01 16:40:32,8.95,1.44,0.84,3.49,16:40:32,12.887999999999998
1900-01-01 16:40:33,8.95,1.43,0.85,3.48,16:40:33,12.798499999999999
1900-01-01 16:40:34,8.94,1.44,0.85,3.48,16:40:34,12.873599999999998
1900-01-01 16:40:35,8.95,1.44,0.84,3.49,16:40:35,12.887999999999998
1900-01-01 16:40:36,8.95,1.44,0.85,3.48,16:40:36,12.887999999999998
1900-01-01 16:40:37,8.94,1.44,0.85,3.48,16:40:37,12.873599999999998
1900-01-01 16:40:38,8.95,1.44,0.84,3.48,16:40:38,12.887999999999998
1900-01-01 16:40:39,8.95,1.44,0.85,3.49,16:40:39,12.887999999999998
1900-01-01 16:40:40,8.93,1.44,0.85,3.49,16:40:40,12.8592
1900-01-01 16:40:41,8.95,1.44,0.84,3.48,16:40:41,12.887999999999998
1900-01-01 16:40:42,8.94,1.44,0.85,3.48,16:40:42,12.873599999999998
1900-01-01 16:40:43,8.95,1.44,0.85,3.49,16:40:43,12.887999999999998
1900-01-01 16:40:44,8.94,1.44,0.85,3.48,16:40:44,12.873599999999998
1900-01-01 16:40:45,8.95,1.44,0.84,3.49,16:40:45,12.887999999999998
1900-01-01 16:40:46,8.94,1.44,0.85,3.48,16:40:46,12.873599999999998
1900-01-01 16:40:47,8.94,1.44,0.85,3.48,16:40:47,12.873599999999998
1900-01-01 16:40:48,8.94,1.44,0.85,3.48,16:40:48,12.873599999999998
1900-01-01 16:40:49,8.94,1.44,0.84,3.48,16:40:49,12.873599999999998
1900-01-01 16:40:50,8.95,1.44,0.85,3.49,16:40:50,12.887999999999998
1900-01-01 16:40:51,8.95,1.44,0.85,3.49,16:40:51,12.887999999999998
1900-01-01 16:40:52,8.93,1.44,0.85,3.48,16:40:52,12.8592
1900-01-01 16:40:53,8.95,1.44,0.85,3.48,16:40:53,12.887999999999998
1900-01-01 16:40:54,8.95,1.44,0.85,3.49,16:40:54,12.887999999999998
1900-01-01 16:40:55,8.95,1.44,0.85,3.48,16:40:55,12.887999999999998
1900-01-01 16:40:56,8.94,1.43,0.85,3.49,16:40:56,12.784199999999998
1900-01-01 16:40:57,8.94,1.44,0.85,3.48,16:40:57,12.873599999999998
1900-01-01 16:40:58,8.95,1.43,0.85,3.48,16:40:58,12.798499999999999
1900-01-01 16:40:59,8.94,1.44,0.85,3.49,16:40:59,12.873599999999998
1900-01-01 16:41:00,8.94,1.44,0.85,3.48,16:41:00,12.873599999999998
1900-01-01 16:41:01,8.94,1.44,0.85,3.49,16:41:01,12.873599999999998
1900-01-01 16:41:02,8.94,1.44,0.85,3.49,16:41:02,12.873599999999998
1900-01-01 16:41:03,8.94,1.44,0.85,3.48,16:41:03,12.873599999999998
1900-01-01 16:41:04,8.95,1.44,0.85,3.48,16:41:04,12.887999999999998
1900-01-01 16:41:05,8.95,1.44,0.85,3.49,16:41:05,12.887999999999998
1900-01-01 16:41:06,8.95,1.44,0.85,3.49,16:41:06,12.887999999999998
1900-01-01 16:41:07,8.95,1.44,0.85,3.49,16:41:07,12.887999999999998
1900-01-01 16:41:08,8.94,1.44,0.85,3.48,16:41:08,12.873599999999998
1900-01-01 16:41:09,8.94,1.44,0.84,3.48,16:41:09,12.873599999999998
1900-01-01 16:41:10,8.95,1.44,0.85,3.49,16:41:10,12.887999999999998
1900-01-01 16:41:11,8.94,1.44,0.85,3.49,16:41:11,12.873599999999998
1900-01-01 16:41:12,8.95,1.44,0.85,3.49,16:41:12,12.887999999999998
1900-01-01 16:41:13,8.94,1.44,0.85,3.48,16:41:13,12.873599999999998
1900-01-01 16:41:14,8.94,1.44,0.85,3.49,16:41:14,12.873599999999998
1900-01-01 16:41:15,8.95,1.44,0.85,3.49,16:41:15,12.887999999999998
1900-01-01 16:41:16,8.95,1.44,0.85,3.48,16:41:16,12.887999999999998
1900-01-01 16:41:17,8.95,1.44,0.84,3.49,16:41:17,12.887999999999998
1900-01-01 16:41:18,8.95,1.44,0.85,3.49,16:41:18,12.887999999999998
1900-01-01 16:41:19,8.95,1.44,0.85,3.48,16:41:19,12.887999999999998
1900-01-01 16:41:20,8.96,1.44,0.85,3.48,16:41:20,12.9024
1900-01-01 16:41:21,8.94,1.44,0.85,3.49,16:41:21,12.873599999999998
1900-01-01 16:41:22,8.95,1.44,0.84,3.49,16:41:22,12.887999999999998
1900-01-01 16:41:23,8.95,1.43,0.85,3.49,16:41:23,12.798499999999999
1900-01-01 16:41:24,8.95,1.43,0.85,3.48,16:41:24,12.798499999999999
1900-01-01 16:41:25,8.95,1.44,0.85,3.49,16:41:25,12.887999999999998
1900-01-01 16:41:26,8.94,1.44,0.85,3.48,16:41:26,12.873599999999998
1900-01-01 16:41:27,8.95,1.44,0.85,3.49,16:41:27,12.887999999999998
1900-01-01 16:41:28,8.94,1.44,0.85,3.49,16:41:28,12.873599999999998
1900-01-01 16:41:29,8.94,1.44,0.85,3.49,16:41:29,12.873599999999998
1900-01-01 16:41:30,8.95,1.44,0.84,3.48,16:41:30,12.887999999999998
1900-01-01 16:41:31,8.95,1.44,0.85,3.49,16:41:31,12.887999999999998
1900-01-01 16:41:32,8.94,1.44,0.85,3.49,16:41:32,12.873599999999998
1900-01-01 16:41:33,8.95,1.44,0.85,3.49,16:41:33,12.887999999999998
1900-01-01 16:41:34,8.95,1.43,0.85,3.48,16:41:34,12.798499999999999
1900-01-01 16:41:35,8.95,1.44,0.85,3.49,16:41:35,12.887999999999998
1900-01-01 16:41:36,8.96,1.44,0.84,3.49,16:41:36,12.9024
1900-01-01 16:41:37,8.94,1.44,0.85,3.48,16:41:37,12.873599999999998
1900-01-01 16:41:38,8.94,1.44,0.85,3.49,16:41:38,12.873599999999998
1900-01-01 16:41:39,8.94,1.44,0.85,3.48,16:41:39,12.873599999999998
1900-01-01 16:41:40,8.94,1.44,0.85,3.49,16:41:40,12.873599999999998
1900-01-01 16:41:41,8.95,1.44,0.85,3.48,16:41:41,12.887999999999998
1900-01-01 16:41:42,8.95,1.44,0.85,3.49,16:41:42,12.887999999999998
1900-01-01 16:41:43,8.94,1.44,0.85,3.48,16:41:43,12.873599999999998
1900-01-01 16:41:44,8.95,1.44,0.85,3.49,16:41:44,12.887999999999998
1900-01-01 16:41:45,8.95,1.44,0.85,3.49,16:41:45,12.887999999999998
1900-01-01 16:41:46,8.94,1.44,0.84,3.49,16:41:46,12.873599999999998
1900-01-01 16:41:47,8.95,1.43,0.85,3.49,16:41:47,12.798499999999999
1900-01-01 16:41:48,8.95,1.44,0.85,3.49,16:41:48,12.887999999999998
1900-01-01 16:41:49,8.94,1.44,0.84,3.49,16:41:49,12.873599999999998
1900-01-01 16:41:50,8.95,1.44,0.85,3.48,16:41:50,12.887999999999998
1900-01-01 16:41:51,8.95,1.44,0.85,3.49,16:41:51,12.887999999999998
1900-01-01 16:41:52,8.95,1.44,0.85,3.48,16:41:52,12.887999999999998
1900-01-01 16:41:53,8.95,1.43,0.85,3.49,16:41:53,12.798499999999999
1900-01-01 16:41:54,8.95,1.44,0.85,3.49,16:41:54,12.887999999999998
1900-01-01 16:41:55,8.95,1.44,0.85,3.48,16:41:55,12.887999999999998
1900-01-01 16:41:56,8.95,1.44,0.85,3.48,16:41:56,12.887999999999998
1900-01-01 16:41:57,8.95,1.44,0.84,3.49,16:41:57,12.887999999999998
1900-01-01 16:41:58,8.95,1.44,0.84,3.49,16:41:58,12.887999999999998
1900-01-01 16:41:59,8.94,1.44,0.85,3.48,16:41:59,12.873599999999998
1900-01-01 16:42:00,8.95,1.44,0.84,3.49,16:42:00,12.887999999999998
1900-01-01 16:42:01,8.95,1.44,0.85,3.49,16:42:01,12.887999999999998
1900-01-01 16:42:02,8.95,1.43,0.85,3.48,16:42:02,12.798499999999999
1900-01-01 16:42:03,8.95,1.44,0.84,3.49,16:42:03,12.887999999999998
1900-01-01 16:42:04,8.94,1.44,0.85,3.49,16:42:04,12.873599999999998
1900-01-01 16:42:05,8.95,1.44,0.85,3.49,16:42:05,12.887999999999998
1900-01-01 16:42:06,8.95,1.44,0.85,3.49,16:42:06,12.887999999999998
1900-01-01 16:42:07,8.95,1.44,0.84,3.48,16:42:07,12.887999999999998
1900-01-01 16:42:08,8.94,1.45,0.85,3.49,16:42:08,12.963
1900-01-01 16:42:09,8.95,1.44,0.85,3.49,16:42:09,12.887999999999998
1900-01-01 16:42:10,8.94,1.44,0.85,3.49,16:42:10,12.873599999999998
1900-01-01 16:42:11,8.94,1.44,0.84,3.49,16:42:11,12.873599999999998
1900-01-01 16:42:12,8.96,1.43,0.85,3.48,16:42:12,12.812800000000001
1900-01-01 16:42:13,8.95,1.44,0.84,3.48,16:42:13,12.887999999999998
1900-01-01 16:42:14,8.94,1.44,0.85,3.49,16:42:14,12.873599999999998
1900-01-01 16:42:15,8.94,1.44,0.85,3.49,16:42:15,12.873599999999998
1900-01-01 16:42:16,8.94,1.44,0.85,3.49,16:42:16,12.873599999999998
1900-01-01 16:42:17,8.94,1.44,0.85,3.49,16:42:17,12.873599999999998
1900-01-01 16:42:18,8.94,1.43,0.85,3.48,16:42:18,12.784199999999998
1900-01-01 16:42:19,8.94,1.44,0.85,3.48,16:42:19,12.873599999999998
1900-01-01 16:42:20,8.94,1.44,0.85,3.49,16:42:20,12.873599999999998
1900-01-01 16:42:21,8.95,1.44,0.85,3.49,16:42:21,12.887999999999998
1900-01-01 16:42:22,8.94,1.44,0.85,3.48,16:42:22,12.873599999999998
1900-01-01 16:42:23,8.94,1.44,0.85,3.49,16:42:23,12.873599999999998
1900-01-01 16:42:24,8.95,1.44,0.85,3.49,16:42:24,12.887999999999998
1900-01-01 16:42:25,8.94,1.44,0.85,3.48,16:42:25,12.873599999999998
1900-01-01 16:42:26,8.94,1.44,0.85,3.49,16:42:26,12.873599999999998
1900-01-01 16:42:27,8.94,1.44,0.84,3.48,16:42:27,12.873599999999998
1900-01-01 16:42:28,8.94,1.44,0.85,3.49,16:42:28,12.873599999999998
1900-01-01 16:42:29,8.94,1.44,0.84,3.48,16:42:29,12.873599999999998
1900-01-01 16:42:30,8.94,1.44,0.85,3.49,16:42:30,12.873599999999998
1900-01-01 16:42:31,8.94,1.44,0.85,3.49,16:42:31,12.873599999999998
1900-01-01 16:42:32,8.94,1.44,0.84,3.49,16:42:32,12.873599999999998
1900-01-01 16:42:33,8.94,1.44,0.85,3.48,16:42:33,12.873599999999998
1900-01-01 16:42:34,8.94,1.44,0.85,3.48,16:42:34,12.873599999999998
1900-01-01 16:42:35,8.95,1.44,0.85,3.48,16:42:35,12.887999999999998
1900-01-01 16:42:36,8.94,1.44,0.85,3.49,16:42:36,12.873599999999998
1900-01-01 16:42:37,8.95,1.44,0.85,3.48,16:42:37,12.887999999999998
1900-01-01 16:42:38,8.94,1.44,0.85,3.49,16:42:38,12.873599999999998
1900-01-01 16:42:39,8.94,1.44,0.85,3.49,16:42:39,12.873599999999998
1900-01-01 16:42:40,8.94,1.44,0.85,3.49,16:42:40,12.873599999999998
1900-01-01 16:42:41,8.94,1.44,0.85,3.48,16:42:41,12.873599999999998
1900-01-01 16:42:42,8.95,1.44,0.85,3.49,16:42:42,12.887999999999998
1900-01-01 16:42:43,8.94,1.44,0.85,3.49,16:42:43,12.873599999999998
1900-01-01 16:42:44,8.94,1.44,0.85,3.48,16:42:44,12.873599999999998
1900-01-01 16:42:45,8.95,1.44,0.84,3.48,16:42:45,12.887999999999998
1900-01-01 16:42:46,8.94,1.44,0.85,3.49,16:42:46,12.873599999999998
1900-01-01 16:42:47,8.95,1.44,0.85,3.48,16:42:47,12.887999999999998
1900-01-01 16:42:48,8.94,1.44,0.84,3.48,16:42:48,12.873599999999998
1900-01-01 16:42:49,8.94,1.44,0.85,3.49,16:42:49,12.873599999999998
1900-01-01 16:42:50,8.95,1.44,0.85,3.49,16:42:50,12.887999999999998
1900-01-01 16:42:51,8.94,1.44,0.85,3.49,16:42:51,12.873599999999998
1900-01-01 16:42:52,8.94,1.44,0.85,3.49,16:42:52,12.873599999999998
1900-01-01 16:42:53,8.94,1.44,0.84,3.49,16:42:53,12.873599999999998
1900-01-01 16:42:54,8.94,1.43,0.85,3.49,16:42:54,12.784199999999998
1900-01-01 16:42:55,8.95,1.44,0.84,3.48,16:42:55,12.887999999999998
1900-01-01 16:42:56,8.94,1.44,0.85,3.49,16:42:56,12.873599999999998
1900-01-01 16:42:57,8.93,1.44,0.84,3.48,16:42:57,12.8592
1900-01-01 16:42:58,8.94,1.44,0.85,3.49,16:42:58,12.873599999999998
1900-01-01 16:42:59,8.94,1.44,0.85,3.49,16:42:59,12.873599999999998
1900-01-01 16:43:00,8.95,1.43,0.85,3.49,16:43:00,12.798499999999999
1900-01-01 16:43:01,8.94,1.44,0.85,3.49,16:43:01,12.873599999999998
1900-01-01 16:43:02,8.94,1.44,0.84,3.49,16:43:02,12.873599999999998
1900-01-01 16:43:03,8.95,1.44,0.85,3.49,16:43:03,12.887999999999998
1900-01-01 16:43:04,8.93,1.44,0.85,3.48,16:43:04,12.8592
1900-01-01 16:43:05,8.95,1.44,0.85,3.49,16:43:05,12.887999999999998
1900-01-01 16:43:06,8.94,1.44,0.85,3.49,16:43:06,12.873599999999998
1900-01-01 16:43:07,8.93,1.44,0.85,3.49,16:43:07,12.8592
1900-01-01 16:43:08,8.94,1.44,0.85,3.49,16:43:08,12.873599999999998
1900-01-01 16:43:09,8.95,1.44,0.85,3.48,16:43:09,12.887999999999998
1900-01-01 16:43:10,8.94,1.44,0.85,3.49,16:43:10,12.873599999999998
1900-01-01 16:43:11,8.95,1.43,0.85,3.48,16:43:11,12.798499999999999
1900-01-01 16:43:12,8.95,1.44,0.85,3.49,16:43:12,12.887999999999998
1900-01-01 16:43:13,8.95,1.44,0.85,3.49,16:43:13,12.887999999999998
1900-01-01 16:43:14,8.94,1.44,0.85,3.48,16:43:14,12.873599999999998
1900-01-01 16:43:15,8.95,1.44,0.85,3.49,16:43:15,12.887999999999998
1900-01-01 16:43:16,8.95,1.44,0.85,3.49,16:43:16,12.887999999999998
1900-01-01 16:43:17,8.94,1.43,0.85,3.48,16:43:17,12.784199999999998
1900-01-01 16:43:18,8.94,1.44,0.85,3.49,16:43:18,12.873599999999998
1900-01-01 16:43:19,8.95,1.44,0.84,3.48,16:43:19,12.887999999999998
1900-01-01 16:43:20,8.94,1.44,0.85,3.49,16:43:20,12.873599999999998
1900-01-01 16:43:21,8.95,1.43,0.85,3.48,16:43:21,12.798499999999999
1900-01-01 16:43:22,8.94,1.44,0.85,3.48,16:43:22,12.873599999999998
1900-01-01 16:43:23,8.96,1.43,0.84,3.49,16:43:23,12.812800000000001
1900-01-01 16:43:24,8.95,1.44,0.85,3.48,16:43:24,12.887999999999998
1900-01-01 16:43:25,8.94,1.44,0.84,3.49,16:43:25,12.873599999999998
1900-01-01 16:43:26,8.95,1.44,0.85,3.48,16:43:26,12.887999999999998
1900-01-01 16:43:27,8.95,1.44,0.85,3.49,16:43:27,12.887999999999998
1900-01-01 16:43:28,8.95,1.44,0.84,3.48,16:43:28,12.887999999999998
1900-01-01 16:43:29,8.94,1.44,0.85,3.48,16:43:29,12.873599999999998
1900-01-01 16:43:30,8.95,1.44,0.85,3.49,16:43:30,12.887999999999998
1900-01-01 16:43:31,8.94,1.44,0.85,3.49,16:43:31,12.873599999999998
1900-01-01 16:43:32,8.95,1.44,0.85,3.49,16:43:32,12.887999999999998
1900-01-01 16:43:33,8.95,1.44,0.85,3.49,16:43:33,12.887999999999998
1900-01-01 16:43:34,8.95,1.44,0.85,3.49,16:43:34,12.887999999999998
1900-01-01 16:43:35,8.94,1.43,0.85,3.49,16:43:35,12.784199999999998
1900-01-01 16:43:36,8.95,1.44,0.85,3.48,16:43:36,12.887999999999998
1900-01-01 16:43:37,8.95,1.44,0.85,3.49,16:43:37,12.887999999999998
1900-01-01 16:43:38,8.95,1.44,0.85,3.49,16:43:38,12.887999999999998
1900-01-01 16:43:39,8.94,1.44,0.85,3.48,16:43:39,12.873599999999998
1900-01-01 16:43:40,8.94,1.44,0.85,3.49,16:43:40,12.873599999999998
1900-01-01 16:43:41,8.94,1.44,0.85,3.49,16:43:41,12.873599999999998
1900-01-01 16:43:42,8.94,1.44,0.85,3.49,16:43:42,12.873599999999998
1900-01-01 16:43:43,8.95,1.44,0.84,3.49,16:43:43,12.887999999999998
1900-01-01 16:43:44,8.94,1.44,0.85,3.49,16:43:44,12.873599999999998
1900-01-01 16:43:45,8.95,1.44,0.84,3.49,16:43:45,12.887999999999998
1900-01-01 16:43:46,8.95,1.44,0.85,3.49,16:43:46,12.887999999999998
1900-01-01 16:43:47,8.94,1.44,0.85,3.49,16:43:47,12.873599999999998
1900-01-01 16:43:48,8.95,1.44,0.85,3.49,16:43:48,12.887999999999998
1900-01-01 16:43:49,8.95,1.44,0.85,3.49,16:43:49,12.887999999999998
1900-01-01 16:43:50,8.95,1.44,0.85,3.49,16:43:50,12.887999999999998
1900-01-01 16:43:51,8.94,1.44,0.85,3.48,16:43:51,12.873599999999998
1900-01-01 16:43:52,8.95,1.44,0.85,3.48,16:43:52,12.887999999999998
1900-01-01 16:43:53,8.95,1.43,0.85,3.48,16:43:53,12.798499999999999
1900-01-01 16:43:54,8.94,1.44,0.85,3.48,16:43:54,12.873599999999998
1900-01-01 16:43:55,8.94,1.44,0.85,3.49,16:43:55,12.873599999999998
1900-01-01 16:43:56,8.95,1.44,0.85,3.49,16:43:56,12.887999999999998
1900-01-01 16:43:57,8.95,1.44,0.85,3.49,16:43:57,12.887999999999998
1900-01-01 16:43:58,8.95,1.44,0.85,3.49,16:43:58,12.887999999999998
1900-01-01 16:43:59,8.94,1.44,0.84,3.49,16:43:59,12.873599999999998
1900-01-01 16:44:00,8.95,1.44,0.84,3.49,16:44:00,12.887999999999998
1900-01-01 16:44:01,8.95,1.44,0.85,3.48,16:44:01,12.887999999999998
1900-01-01 16:44:02,8.95,1.44,0.84,3.48,16:44:02,12.887999999999998
1900-01-01 16:44:03,8.95,1.43,0.85,3.49,16:44:03,12.798499999999999
1900-01-01 16:44:04,8.95,1.44,0.85,3.49,16:44:04,12.887999999999998
1900-01-01 16:44:05,8.95,1.44,0.85,3.48,16:44:05,12.887999999999998
1900-01-01 16:44:06,8.95,1.44,0.85,3.49,16:44:06,12.887999999999998
1900-01-01 16:44:07,8.95,1.44,0.84,3.49,16:44:07,12.887999999999998
1900-01-01 16:44:08,8.94,1.43,0.85,3.48,16:44:08,12.784199999999998
1900-01-01 16:44:09,8.94,1.43,0.85,3.48,16:44:09,12.784199999999998
1900-01-01 16:44:10,8.95,1.44,0.85,3.48,16:44:10,12.887999999999998
1900-01-01 16:44:11,8.95,1.44,0.85,3.48,16:44:11,12.887999999999998
1900-01-01 16:44:12,8.95,1.43,0.85,3.49,16:44:12,12.798499999999999
1900-01-01 16:44:13,8.94,1.44,0.85,3.49,16:44:13,12.873599999999998
1900-01-01 16:44:14,8.94,1.44,0.85,3.49,16:44:14,12.873599999999998
1900-01-01 16:44:15,8.95,1.44,0.85,3.49,16:44:15,12.887999999999998
1900-01-01 16:44:16,8.94,1.43,0.85,3.48,16:44:16,12.784199999999998
1900-01-01 16:44:17,8.95,1.44,0.85,3.48,16:44:17,12.887999999999998
1900-01-01 16:44:18,8.94,1.44,0.85,3.49,16:44:18,12.873599999999998
1900-01-01 16:44:19,8.95,1.43,0.85,3.49,16:44:19,12.798499999999999
1900-01-01 16:44:20,8.94,1.44,0.85,3.49,16:44:20,12.873599999999998
1900-01-01 16:44:21,8.94,1.44,0.85,3.49,16:44:21,12.873599999999998
1900-01-01 16:44:22,8.94,1.44,0.85,3.49,16:44:22,12.873599999999998
1900-01-01 16:44:23,8.95,1.44,0.85,3.49,16:44:23,12.887999999999998
1900-01-01 16:44:24,8.94,1.44,0.85,3.48,16:44:24,12.873599999999998
1900-01-01 16:44:25,8.95,1.44,0.84,3.48,16:44:25,12.887999999999998
1900-01-01 16:44:26,8.95,1.44,0.85,3.49,16:44:26,12.887999999999998
1900-01-01 16:44:27,8.95,1.44,0.85,3.49,16:44:27,12.887999999999998
1900-01-01 16:44:28,8.95,1.44,0.85,3.49,16:44:28,12.887999999999998
1900-01-01 16:44:29,8.95,1.44,0.85,3.49,16:44:29,12.887999999999998
1900-01-01 16:44:30,8.94,1.44,0.85,3.48,16:44:30,12.873599999999998
1900-01-01 16:44:31,8.95,1.44,0.85,3.49,16:44:31,12.887999999999998
1900-01-01 16:44:32,8.95,1.44,0.84,3.49,16:44:32,12.887999999999998
1900-01-01 16:44:33,8.95,1.44,0.84,3.48,16:44:33,12.887999999999998
1900-01-01 16:44:34,8.95,1.44,0.85,3.49,16:44:34,12.887999999999998
1900-01-01 16:44:35,8.94,1.44,0.85,3.49,16:44:35,12.873599999999998
1900-01-01 16:44:36,8.94,1.43,0.84,3.49,16:44:36,12.784199999999998
1900-01-01 16:44:37,8.95,1.44,0.85,3.49,16:44:37,12.887999999999998
1900-01-01 16:44:38,8.95,1.44,0.84,3.48,16:44:38,12.887999999999998
1900-01-01 16:44:39,8.94,1.43,0.85,3.48,16:44:39,12.784199999999998
1900-01-01 16:44:40,8.95,1.44,0.85,3.49,16:44:40,12.887999999999998
1900-01-01 16:44:41,8.94,1.44,0.84,3.48,16:44:41,12.873599999999998
1900-01-01 16:44:42,8.94,1.44,0.85,3.49,16:44:42,12.873599999999998
1900-01-01 16:44:43,8.94,1.44,0.85,3.48,16:44:43,12.873599999999998
1900-01-01 16:44:44,8.94,1.44,0.85,3.48,16:44:44,12.873599999999998
1900-01-01 16:44:45,8.94,1.44,0.85,3.49,16:44:45,12.873599999999998
1900-01-01 16:44:46,8.95,1.44,0.85,3.48,16:44:46,12.887999999999998
1900-01-01 16:44:47,8.95,1.44,0.85,3.49,16:44:47,12.887999999999998
1900-01-01 16:44:48,8.94,1.44,0.85,3.49,16:44:48,12.873599999999998
1900-01-01 16:44:49,8.95,1.44,0.85,3.48,16:44:49,12.887999999999998
1900-01-01 16:44:50,8.95,1.43,0.85,3.48,16:44:50,12.798499999999999
1900-01-01 16:44:51,8.94,1.44,0.85,3.48,16:44:51,12.873599999999998
1900-01-01 16:44:52,8.94,1.44,0.85,3.49,16:44:52,12.873599999999998
1900-01-01 16:44:53,8.94,1.44,0.85,3.49,16:44:53,12.873599999999998
1900-01-01 16:44:54,8.95,1.43,0.85,3.48,16:44:54,12.798499999999999
1900-01-01 16:44:55,8.94,1.44,0.85,3.49,16:44:55,12.873599999999998
1900-01-01 16:44:56,8.95,1.44,0.85,3.49,16:44:56,12.887999999999998
1900-01-01 16:44:57,8.94,1.44,0.85,3.49,16:44:57,12.873599999999998
1900-01-01 16:44:58,8.95,1.44,0.85,3.48,16:44:58,12.887999999999998
1900-01-01 16:44:59,8.95,1.44,0.85,3.48,16:44:59,12.887999999999998
1900-01-01 16:45:00,8.94,1.44,0.85,3.49,16:45:00,12.873599999999998
1900-01-01 16:45:01,8.95,1.44,0.85,3.48,16:45:01,12.887999999999998
1900-01-01 16:45:02,8.94,1.44,0.85,3.49,16:45:02,12.873599999999998
1900-01-01 16:45:03,8.95,1.44,0.85,3.49,16:45:03,12.887999999999998
1900-01-01 16:45:04,8.94,1.44,0.84,3.48,16:45:04,12.873599999999998
1900-01-01 16:45:05,8.95,1.44,0.84,3.48,16:45:05,12.887999999999998
1900-01-01 16:45:06,8.94,1.44,0.85,3.49,16:45:06,12.873599999999998
1900-01-01 16:45:07,8.94,1.44,0.85,3.48,16:45:07,12.873599999999998
1900-01-01 16:45:08,8.93,1.44,0.85,3.49,16:45:08,12.8592
1900-01-01 16:45:09,8.95,1.44,0.85,3.49,16:45:09,12.887999999999998
1900-01-01 16:45:10,8.95,1.44,0.85,3.48,16:45:10,12.887999999999998
1900-01-01 16:45:11,8.93,1.44,0.85,3.48,16:45:11,12.8592
1900-01-01 16:45:12,8.95,1.44,0.85,3.49,16:45:12,12.887999999999998
1900-01-01 16:45:13,8.95,1.44,0.85,3.49,16:45:13,12.887999999999998
1900-01-01 16:45:14,8.94,1.44,0.85,3.49,16:45:14,12.873599999999998
1900-01-01 16:45:15,8.95,1.44,0.85,3.49,16:45:15,12.887999999999998
1900-01-01 16:45:16,8.95,1.44,0.85,3.49,16:45:16,12.887999999999998
1900-01-01 16:45:17,8.95,1.44,0.85,3.49,16:45:17,12.887999999999998
1900-01-01 16:45:18,8.94,1.44,0.85,3.48,16:45:18,12.873599999999998
1900-01-01 16:45:19,8.95,1.44,0.84,3.49,16:45:19,12.887999999999998
1900-01-01 16:45:20,8.95,1.44,0.85,3.48,16:45:20,12.887999999999998
1900-01-01 16:45:21,8.95,1.44,0.85,3.49,16:45:21,12.887999999999998
1900-01-01 16:45:22,8.94,1.44,0.85,3.49,16:45:22,12.873599999999998
1900-01-01 16:45:23,8.95,1.44,0.85,3.49,16:45:23,12.887999999999998
1900-01-01 16:45:24,8.95,1.44,0.85,3.49,16:45:24,12.887999999999998
1900-01-01 16:45:25,8.94,1.44,0.85,3.49,16:45:25,12.873599999999998
1900-01-01 16:45:26,8.94,1.44,0.85,3.49,16:45:26,12.873599999999998
1900-01-01 16:45:27,8.95,1.44,0.85,3.48,16:45:27,12.887999999999998
1900-01-01 16:45:28,8.95,1.44,0.85,3.49,16:45:28,12.887999999999998
1900-01-01 16:45:29,8.95,1.44,0.85,3.48,16:45:29,12.887999999999998
1900-01-01 16:45:30,8.93,1.44,0.85,3.49,16:45:30,12.8592
1900-01-01 16:45:31,8.94,1.44,0.85,3.49,16:45:31,12.873599999999998
1900-01-01 16:45:32,8.94,1.44,0.85,3.49,16:45:32,12.873599999999998
1900-01-01 16:45:33,8.95,1.44,0.85,3.48,16:45:33,12.887999999999998
1900-01-01 16:45:34,8.94,1.44,0.85,3.49,16:45:34,12.873599999999998
1900-01-01 16:45:35,8.93,1.44,0.85,3.49,16:45:35,12.8592
1900-01-01 16:45:36,8.94,1.44,0.84,3.48,16:45:36,12.873599999999998
1900-01-01 16:45:37,8.94,1.43,0.85,3.49,16:45:37,12.784199999999998
1900-01-01 16:45:38,8.95,1.44,0.85,3.49,16:45:38,12.887999999999998
1900-01-01 16:45:39,8.94,1.44,0.85,3.48,16:45:39,12.873599999999998
1900-01-01 16:45:40,8.94,1.44,0.84,3.48,16:45:40,12.873599999999998
1900-01-01 16:45:41,8.95,1.44,0.85,3.49,16:45:41,12.887999999999998
1900-01-01 16:45:42,8.94,1.44,0.85,3.48,16:45:42,12.873599999999998
1900-01-01 16:45:43,8.94,1.44,0.85,3.48,16:45:43,12.873599999999998
1900-01-01 16:45:44,8.94,1.44,0.85,3.49,16:45:44,12.873599999999998
1900-01-01 16:45:45,8.95,1.43,0.84,3.48,16:45:45,12.798499999999999
1900-01-01 16:45:46,8.94,1.44,0.85,3.49,16:45:46,12.873599999999998
1900-01-01 16:45:47,8.94,1.44,0.85,3.49,16:45:47,12.873599999999998
1900-01-01 16:45:48,8.94,1.44,0.85,3.49,16:45:48,12.873599999999998
1900-01-01 16:45:49,8.95,1.44,0.84,3.48,16:45:49,12.887999999999998
1900-01-01 16:45:50,8.94,1.44,0.85,3.48,16:45:50,12.873599999999998
1900-01-01 16:45:51,8.94,1.44,0.85,3.49,16:45:51,12.873599999999998
1900-01-01 16:45:52,8.95,1.43,0.85,3.49,16:45:52,12.798499999999999
1900-01-01 16:45:53,8.94,1.44,0.85,3.49,16:45:53,12.873599999999998
1900-01-01 16:45:54,8.95,1.44,0.85,3.49,16:45:54,12.887999999999998
1900-01-01 16:45:55,8.94,1.44,0.84,3.48,16:45:55,12.873599999999998
1900-01-01 16:45:56,8.94,1.44,0.85,3.49,16:45:56,12.873599999999998
1900-01-01 16:45:57,8.95,1.43,0.85,3.49,16:45:57,12.798499999999999
1900-01-01 16:45:58,8.94,1.44,0.84,3.48,16:45:58,12.873599999999998
1900-01-01 16:45:59,8.95,1.44,0.85,3.49,16:45:59,12.887999999999998
1900-01-01 16:46:00,8.94,1.44,0.85,3.48,16:46:00,12.873599999999998
1900-01-01 16:46:01,8.94,1.44,0.85,3.48,16:46:01,12.873599999999998
1900-01-01 16:46:02,8.94,1.43,0.85,3.48,16:46:02,12.784199999999998
1900-01-01 16:46:03,8.95,1.44,0.85,3.48,16:46:03,12.887999999999998
1900-01-01 16:46:04,8.95,1.44,0.85,3.48,16:46:04,12.887999999999998
1900-01-01 16:46:05,8.95,1.44,0.85,3.49,16:46:05,12.887999999999998
1900-01-01 16:46:06,8.95,1.44,0.85,3.49,16:46:06,12.887999999999998
1900-01-01 16:46:07,8.94,1.44,0.85,3.48,16:46:07,12.873599999999998
1900-01-01 16:46:08,8.94,1.44,0.85,3.48,16:46:08,12.873599999999998
1900-01-01 16:46:09,8.93,1.44,0.85,3.49,16:46:09,12.8592
1900-01-01 16:46:10,8.93,1.43,0.85,3.48,16:46:10,12.7699
1900-01-01 16:46:11,8.94,1.44,0.85,3.49,16:46:11,12.873599999999998
1900-01-01 16:46:12,8.95,1.44,0.85,3.48,16:46:12,12.887999999999998
1900-01-01 16:46:13,8.95,1.44,0.85,3.48,16:46:13,12.887999999999998
1900-01-01 16:46:14,8.95,1.44,0.85,3.48,16:46:14,12.887999999999998
1900-01-01 16:46:15,8.95,1.44,0.85,3.49,16:46:15,12.887999999999998
1900-01-01 16:46:16,8.95,1.44,0.85,3.48,16:46:16,12.887999999999998
1900-01-01 16:46:17,8.94,1.44,0.84,3.49,16:46:17,12.873599999999998
1900-01-01 16:46:18,8.94,1.44,0.85,3.49,16:46:18,12.873599999999998
1900-01-01 16:46:19,8.94,1.44,0.85,3.49,16:46:19,12.873599999999998
1900-01-01 16:46:20,8.94,1.44,0.84,3.49,16:46:20,12.873599999999998
1900-01-01 16:46:21,8.95,1.44,0.85,3.49,16:46:21,12.887999999999998
1900-01-01 16:46:22,8.94,1.44,0.85,3.48,16:46:22,12.873599999999998
1900-01-01 16:46:23,8.94,1.44,0.85,3.48,16:46:23,12.873599999999998
1900-01-01 16:46:24,8.94,1.44,0.85,3.48,16:46:24,12.873599999999998
1900-01-01 16:46:25,8.95,1.44,0.85,3.48,16:46:25,12.887999999999998
1900-01-01 16:46:26,8.94,1.44,0.85,3.48,16:46:26,12.873599999999998
1900-01-01 16:46:27,8.94,1.44,0.85,3.49,16:46:27,12.873599999999998
1900-01-01 16:46:28,8.94,1.44,0.85,3.49,16:46:28,12.873599999999998
1900-01-01 16:46:29,8.94,1.44,0.85,3.48,16:46:29,12.873599999999998
1900-01-01 16:46:30,8.94,1.44,0.85,3.48,16:46:30,12.873599999999998
1900-01-01 16:46:31,8.95,1.44,0.85,3.49,16:46:31,12.887999999999998
1900-01-01 16:46:32,8.94,1.44,0.85,3.48,16:46:32,12.873599999999998
1900-01-01 16:46:33,8.94,1.44,0.85,3.49,16:46:33,12.873599999999998
1900-01-01 16:46:34,8.95,1.44,0.85,3.49,16:46:34,12.887999999999998
1900-01-01 16:46:35,8.95,1.44,0.85,3.49,16:46:35,12.887999999999998
1900-01-01 16:46:36,8.95,1.44,0.85,3.49,16:46:36,12.887999999999998
1900-01-01 16:46:37,8.95,1.44,0.85,3.48,16:46:37,12.887999999999998
1900-01-01 16:46:38,8.95,1.44,0.85,3.48,16:46:38,12.887999999999998
1900-01-01 16:46:39,8.94,1.44,0.85,3.49,16:46:39,12.873599999999998
1900-01-01 16:46:40,8.95,1.44,0.85,3.49,16:46:40,12.887999999999998
1900-01-01 16:46:41,8.94,1.44,0.85,3.49,16:46:41,12.873599999999998
1900-01-01 16:46:42,8.94,1.44,0.85,3.49,16:46:42,12.873599999999998
1900-01-01 16:46:43,8.95,1.43,0.85,3.48,16:46:43,12.798499999999999
1900-01-01 16:46:44,8.95,1.44,0.85,3.48,16:46:44,12.887999999999998
1900-01-01 16:46:45,8.95,1.44,0.85,3.49,16:46:45,12.887999999999998
1900-01-01 16:46:46,8.94,1.44,0.84,3.48,16:46:46,12.873599999999998
1900-01-01 16:46:47,8.95,1.43,0.85,3.48,16:46:47,12.798499999999999
1900-01-01 16:46:48,8.94,1.44,0.85,3.48,16:46:48,12.873599999999998
1900-01-01 16:46:49,8.95,1.44,0.84,3.49,16:46:49,12.887999999999998
1900-01-01 16:46:50,8.94,1.43,0.85,3.49,16:46:50,12.784199999999998
1900-01-01 16:46:51,8.95,1.43,0.85,3.48,16:46:51,12.798499999999999
1900-01-01 16:46:52,8.96,1.44,0.85,3.48,16:46:52,12.9024
1900-01-01 16:46:53,8.94,1.44,0.85,3.49,16:46:53,12.873599999999998
1900-01-01 16:46:54,8.94,1.44,0.85,3.49,16:46:54,12.873599999999998
1900-01-01 16:46:55,8.94,1.44,0.85,3.48,16:46:55,12.873599999999998
1900-01-01 16:46:56,8.95,1.44,0.85,3.49,16:46:56,12.887999999999998
1900-01-01 16:46:57,8.94,1.44,0.85,3.49,16:46:57,12.873599999999998
1900-01-01 16:46:58,8.95,1.44,0.84,3.48,16:46:58,12.887999999999998
1900-01-01 16:46:59,8.94,1.44,0.85,3.49,16:46:59,12.873599999999998
1900-01-01 16:47:00,8.94,1.44,0.85,3.48,16:47:00,12.873599999999998
1900-01-01 16:47:01,8.95,1.43,0.85,3.48,16:47:01,12.798499999999999
1900-01-01 16:47:02,8.94,1.44,0.85,3.49,16:47:02,12.873599999999998
1900-01-01 16:47:03,8.94,1.44,0.85,3.49,16:47:03,12.873599999999998
1900-01-01 16:47:04,8.95,1.44,0.85,3.48,16:47:04,12.887999999999998
1900-01-01 16:47:05,8.95,1.44,0.85,3.48,16:47:05,12.887999999999998
1900-01-01 16:47:06,8.94,1.44,0.85,3.49,16:47:06,12.873599999999998
1900-01-01 16:47:07,8.95,1.44,0.85,3.49,16:47:07,12.887999999999998
1900-01-01 16:47:08,8.94,1.44,0.85,3.49,16:47:08,12.873599999999998
1900-01-01 16:47:09,8.93,1.44,0.85,3.48,16:47:09,12.8592
1900-01-01 16:47:10,8.94,1.44,0.84,3.49,16:47:10,12.873599999999998
1900-01-01 16:47:11,8.95,1.44,0.85,3.49,16:47:11,12.887999999999998
1900-01-01 16:47:12,8.94,1.44,0.85,3.49,16:47:12,12.873599999999998
1900-01-01 16:47:13,8.94,1.44,0.85,3.48,16:47:13,12.873599999999998
1900-01-01 16:47:14,8.94,1.44,0.85,3.48,16:47:14,12.873599999999998
1900-01-01 16:47:15,8.95,1.44,0.85,3.49,16:47:15,12.887999999999998
1900-01-01 16:47:16,8.95,1.44,0.85,3.48,16:47:16,12.887999999999998
1900-01-01 16:47:17,8.94,1.44,0.85,3.49,16:47:17,12.873599999999998
1900-01-01 16:47:18,8.95,1.44,0.85,3.49,16:47:18,12.887999999999998
1900-01-01 16:47:19,8.95,1.44,0.85,3.48,16:47:19,12.887999999999998
1900-01-01 16:47:20,8.94,1.44,0.85,3.48,16:47:20,12.873599999999998
1900-01-01 16:47:21,8.95,1.43,0.85,3.48,16:47:21,12.798499999999999
1900-01-01 16:47:22,8.95,1.44,0.84,3.48,16:47:22,12.887999999999998
1900-01-01 16:47:23,8.95,1.43,0.85,3.48,16:47:23,12.798499999999999
1900-01-01 16:47:24,8.94,1.44,0.85,3.49,16:47:24,12.873599999999998
1900-01-01 16:47:25,8.94,1.44,0.85,3.49,16:47:25,12.873599999999998
1900-01-01 16:47:26,8.95,1.44,0.85,3.49,16:47:26,12.887999999999998
1900-01-01 16:47:27,8.96,1.44,0.84,3.48,16:47:27,12.9024
1900-01-01 16:47:28,8.94,1.44,0.85,3.49,16:47:28,12.873599999999998
1900-01-01 16:47:29,8.94,1.44,0.84,3.49,16:47:29,12.873599999999998
1900-01-01 16:47:30,8.95,1.44,0.85,3.48,16:47:30,12.887999999999998
1900-01-01 16:47:31,8.94,1.44,0.85,3.49,16:47:31,12.873599999999998
1900-01-01 16:47:32,8.93,1.44,0.85,3.48,16:47:32,12.8592
1900-01-01 16:47:33,8.93,1.44,0.85,3.48,16:47:33,12.8592
1900-01-01 16:47:34,8.94,1.44,0.85,3.49,16:47:34,12.873599999999998
1900-01-01 16:47:35,8.93,1.44,0.85,3.48,16:47:35,12.8592
1900-01-01 16:47:36,8.95,1.44,0.84,3.49,16:47:36,12.887999999999998
1900-01-01 16:47:37,8.94,1.44,0.85,3.49,16:47:37,12.873599999999998
1900-01-01 16:47:38,8.95,1.44,0.85,3.48,16:47:38,12.887999999999998
1900-01-01 16:47:39,8.94,1.44,0.84,3.49,16:47:39,12.873599999999998
1900-01-01 16:47:40,8.94,1.44,0.85,3.48,16:47:40,12.873599999999998
1900-01-01 16:47:41,8.95,1.44,0.85,3.49,16:47:41,12.887999999999998
1900-01-01 16:47:42,8.94,1.44,0.85,3.48,16:47:42,12.873599999999998
1900-01-01 16:47:43,8.93,1.44,0.85,3.48,16:47:43,12.8592
1900-01-01 16:47:44,8.94,1.44,0.84,3.48,16:47:44,12.873599999999998
1900-01-01 16:47:45,8.95,1.44,0.84,3.49,16:47:45,12.887999999999998
1900-01-01 16:47:46,8.94,1.44,0.85,3.48,16:47:46,12.873599999999998
1900-01-01 16:47:47,8.94,1.44,0.85,3.49,16:47:47,12.873599999999998
1900-01-01 16:47:48,8.95,1.44,0.85,3.49,16:47:48,12.887999999999998
1900-01-01 16:47:49,8.93,1.44,0.85,3.49,16:47:49,12.8592
1900-01-01 16:47:50,8.94,1.44,0.85,3.49,16:47:50,12.873599999999998
1900-01-01 16:47:51,8.95,1.44,0.85,3.49,16:47:51,12.887999999999998
1900-01-01 16:47:52,8.95,1.44,0.85,3.49,16:47:52,12.887999999999998
1900-01-01 16:47:53,8.94,1.44,0.84,3.49,16:47:53,12.873599999999998
1900-01-01 16:47:54,8.95,1.44,0.85,3.48,16:47:54,12.887999999999998
1900-01-01 16:47:55,8.94,1.44,0.85,3.49,16:47:55,12.873599999999998
1900-01-01 16:47:56,8.96,1.44,0.85,3.48,16:47:56,12.9024
1900-01-01 16:47:57,8.95,1.44,0.85,3.49,16:47:57,12.887999999999998
1900-01-01 16:47:58,8.93,1.44,0.85,3.49,16:47:58,12.8592
1900-01-01 16:47:59,8.95,1.44,0.85,3.48,16:47:59,12.887999999999998
1900-01-01 16:48:00,8.95,1.44,0.85,3.49,16:48:00,12.887999999999998
1900-01-01 16:48:01,8.95,1.44,0.85,3.49,16:48:01,12.887999999999998
1900-01-01 16:48:02,8.95,1.44,0.85,3.49,16:48:02,12.887999999999998
1900-01-01 16:48:03,8.94,1.44,0.85,3.48,16:48:03,12.873599999999998
1900-01-01 16:48:04,8.95,1.44,0.85,3.49,16:48:04,12.887999999999998
1900-01-01 16:48:05,8.96,1.43,0.85,3.48,16:48:05,12.812800000000001
1900-01-01 16:48:06,8.95,1.44,0.84,3.48,16:48:06,12.887999999999998
1900-01-01 16:48:07,8.94,1.44,0.85,3.48,16:48:07,12.873599999999998
1900-01-01 16:48:08,8.95,1.44,0.85,3.49,16:48:08,12.887999999999998
1900-01-01 16:48:09,8.95,1.44,0.85,3.49,16:48:09,12.887999999999998
1900-01-01 16:48:10,8.95,1.44,0.85,3.48,16:48:10,12.887999999999998
1900-01-01 16:48:11,8.95,1.44,0.85,3.49,16:48:11,12.887999999999998
1900-01-01 16:48:12,8.95,1.44,0.85,3.48,16:48:12,12.887999999999998
1900-01-01 16:48:13,8.94,1.44,0.85,3.49,16:48:13,12.873599999999998
1900-01-01 16:48:14,8.94,1.44,0.85,3.48,16:48:14,12.873599999999998
1900-01-01 16:48:15,8.94,1.44,0.84,3.49,16:48:15,12.873599999999998
1900-01-01 16:48:16,8.94,1.44,0.85,3.49,16:48:16,12.873599999999998
1900-01-01 16:48:17,8.94,1.44,0.85,3.48,16:48:17,12.873599999999998
1900-01-01 16:48:18,8.95,1.44,0.85,3.48,16:48:18,12.887999999999998
1900-01-01 16:48:19,8.95,1.44,0.85,3.48,16:48:19,12.887999999999998
1900-01-01 16:48:20,8.95,1.44,0.85,3.48,16:48:20,12.887999999999998
1900-01-01 16:48:21,8.95,1.44,0.85,3.48,16:48:21,12.887999999999998
1900-01-01 16:48:22,8.95,1.44,0.85,3.48,16:48:22,12.887999999999998
1900-01-01 16:48:23,8.95,1.44,0.85,3.49,16:48:23,12.887999999999998
1900-01-01 16:48:24,8.95,1.44,0.85,3.48,16:48:24,12.887999999999998
1900-01-01 16:48:25,8.95,1.44,0.84,3.49,16:48:25,12.887999999999998
1900-01-01 16:48:26,8.94,1.44,0.85,3.49,16:48:26,12.873599999999998
1900-01-01 16:48:27,8.94,1.44,0.85,3.48,16:48:27,12.873599999999998
1900-01-01 16:48:28,8.94,1.44,0.85,3.49,16:48:28,12.873599999999998
1900-01-01 16:48:29,8.94,1.44,0.84,3.49,16:48:29,12.873599999999998
1900-01-01 16:48:30,8.94,1.44,0.85,3.49,16:48:30,12.873599999999998
1900-01-01 16:48:31,8.95,1.44,0.85,3.49,16:48:31,12.887999999999998
1900-01-01 16:48:32,8.94,1.44,0.85,3.48,16:48:32,12.873599999999998
1900-01-01 16:48:33,8.94,1.44,0.85,3.48,16:48:33,12.873599999999998
1900-01-01 16:48:34,8.94,1.44,0.84,3.49,16:48:34,12.873599999999998
1900-01-01 16:48:35,8.95,1.44,0.85,3.49,16:48:35,12.887999999999998
1900-01-01 16:48:36,8.94,1.44,0.84,3.49,16:48:36,12.873599999999998
1900-01-01 16:48:37,8.96,1.44,0.85,3.49,16:48:37,12.9024
1900-01-01 16:48:38,8.94,1.44,0.85,3.48,16:48:38,12.873599999999998
1900-01-01 16:48:39,8.94,1.44,0.85,3.48,16:48:39,12.873599999999998
1900-01-01 16:48:40,8.95,1.44,0.85,3.48,16:48:40,12.887999999999998
1900-01-01 16:48:41,8.96,1.44,0.85,3.49,16:48:41,12.9024
1900-01-01 16:48:42,8.94,1.44,0.85,3.49,16:48:42,12.873599999999998
1900-01-01 16:48:43,8.95,1.44,0.85,3.48,16:48:43,12.887999999999998
1900-01-01 16:48:44,8.95,1.44,0.85,3.49,16:48:44,12.887999999999998
1900-01-01 16:48:45,8.95,1.44,0.85,3.48,16:48:45,12.887999999999998
1900-01-01 16:48:46,8.94,1.44,0.85,3.49,16:48:46,12.873599999999998
1900-01-01 16:48:47,8.94,1.44,0.85,3.49,16:48:47,12.873599999999998
1900-01-01 16:48:48,8.95,1.44,0.85,3.48,16:48:48,12.887999999999998
1900-01-01 16:48:49,8.95,1.44,0.85,3.48,16:48:49,12.887999999999998
1900-01-01 16:48:50,8.95,1.44,0.85,3.48,16:48:50,12.887999999999998
1900-01-01 16:48:51,8.95,1.44,0.85,3.49,16:48:51,12.887999999999998
1900-01-01 16:48:52,8.95,1.44,0.85,3.49,16:48:52,12.887999999999998
1900-01-01 16:48:53,8.94,1.44,0.85,3.48,16:48:53,12.873599999999998
1900-01-01 16:48:54,8.94,1.44,0.85,3.48,16:48:54,12.873599999999998
1900-01-01 16:48:55,8.95,1.44,0.85,3.49,16:48:55,12.887999999999998
1900-01-01 16:48:56,8.94,1.44,0.85,3.49,16:48:56,12.873599999999998
1900-01-01 16:48:57,8.94,1.44,0.85,3.48,16:48:57,12.873599999999998
1900-01-01 16:48:58,8.94,1.44,0.85,3.49,16:48:58,12.873599999999998
1900-01-01 16:48:59,8.94,1.44,0.85,3.48,16:48:59,12.873599999999998
1900-01-01 16:49:00,8.94,1.44,0.84,3.48,16:49:00,12.873599999999998
1900-01-01 16:49:01,8.94,1.44,0.84,3.49,16:49:01,12.873599999999998
1900-01-01 16:49:02,8.95,1.44,0.85,3.48,16:49:02,12.887999999999998
1900-01-01 16:49:03,8.94,1.44,0.85,3.48,16:49:03,12.873599999999998
1900-01-01 16:49:04,8.94,1.44,0.84,3.48,16:49:04,12.873599999999998
1900-01-01 16:49:05,8.94,1.44,0.84,3.48,16:49:05,12.873599999999998
1900-01-01 16:49:06,8.94,1.44,0.85,3.49,16:49:06,12.873599999999998
1900-01-01 16:49:07,8.95,1.44,0.85,3.48,16:49:07,12.887999999999998
1900-01-01 16:49:08,8.95,1.44,0.85,3.48,16:49:08,12.887999999999998
1900-01-01 16:49:09,8.94,1.44,0.85,3.49,16:49:09,12.873599999999998
1900-01-01 16:49:10,8.94,1.44,0.85,3.48,16:49:10,12.873599999999998
1900-01-01 16:49:11,8.95,1.44,0.84,3.48,16:49:11,12.887999999999998
1900-01-01 16:49:12,8.94,1.44,0.85,3.48,16:49:12,12.873599999999998
1900-01-01 16:49:13,8.94,1.44,0.85,3.48,16:49:13,12.873599999999998
1900-01-01 16:49:14,8.94,1.44,0.85,3.49,16:49:14,12.873599999999998
1900-01-01 16:49:15,8.94,1.43,0.85,3.49,16:49:15,12.784199999999998
1900-01-01 16:49:16,8.94,1.44,0.85,3.49,16:49:16,12.873599999999998
1900-01-01 16:49:17,8.94,1.44,0.85,3.49,16:49:17,12.873599999999998
1900-01-01 16:49:18,8.94,1.44,0.85,3.48,16:49:18,12.873599999999998
1900-01-01 16:49:19,8.94,1.44,0.85,3.49,16:49:19,12.873599999999998
1900-01-01 16:49:20,8.94,1.44,0.85,3.48,16:49:20,12.873599999999998
1900-01-01 16:49:21,8.94,1.44,0.84,3.49,16:49:21,12.873599999999998
1900-01-01 16:49:22,8.94,1.44,0.85,3.49,16:49:22,12.873599999999998
1900-01-01 16:49:23,8.94,1.44,0.85,3.49,16:49:23,12.873599999999998
1900-01-01 16:49:24,8.94,1.44,0.85,3.49,16:49:24,12.873599999999998
1900-01-01 16:49:25,8.95,1.44,0.85,3.49,16:49:25,12.887999999999998
1900-01-01 16:49:26,8.94,1.44,0.85,3.48,16:49:26,12.873599999999998
1900-01-01 16:49:27,8.94,1.44,0.85,3.49,16:49:27,12.873599999999998
1900-01-01 16:49:28,8.95,1.44,0.85,3.49,16:49:28,12.887999999999998
1900-01-01 16:49:29,8.94,1.43,0.85,3.49,16:49:29,12.784199999999998
1900-01-01 16:49:30,8.95,1.44,0.85,3.49,16:49:30,12.887999999999998
1900-01-01 16:49:31,8.94,1.44,0.85,3.49,16:49:31,12.873599999999998
1900-01-01 16:49:32,8.94,1.44,0.85,3.49,16:49:32,12.873599999999998
1900-01-01 16:49:33,8.94,1.44,0.85,3.48,16:49:33,12.873599999999998
1900-01-01 16:49:34,8.94,1.44,0.85,3.49,16:49:34,12.873599999999998
1900-01-01 16:49:35,8.94,1.44,0.84,3.48,16:49:35,12.873599999999998
1900-01-01 16:49:36,8.94,1.44,0.85,3.49,16:49:36,12.873599999999998
1900-01-01 16:49:37,8.94,1.44,0.85,3.48,16:49:37,12.873599999999998
1900-01-01 16:49:38,8.95,1.44,0.85,3.48,16:49:38,12.887999999999998
1900-01-01 16:49:39,8.94,1.44,0.85,3.49,16:49:39,12.873599999999998
1900-01-01 16:49:40,8.95,1.44,0.84,3.48,16:49:40,12.887999999999998
1900-01-01 16:49:41,8.94,1.44,0.85,3.49,16:49:41,12.873599999999998
1900-01-01 16:49:42,8.94,1.44,0.85,3.48,16:49:42,12.873599999999998
1900-01-01 16:49:43,8.94,1.44,0.85,3.49,16:49:43,12.873599999999998
1900-01-01 16:49:44,8.95,1.44,0.85,3.48,16:49:44,12.887999999999998
1900-01-01 16:49:45,8.94,1.44,0.85,3.49,16:49:45,12.873599999999998
1900-01-01 16:49:46,8.95,1.44,0.85,3.49,16:49:46,12.887999999999998
1900-01-01 16:49:47,8.94,1.44,0.85,3.48,16:49:47,12.873599999999998
1900-01-01 16:49:48,8.94,1.44,0.85,3.48,16:49:48,12.873599999999998
1900-01-01 16:49:49,8.95,1.44,0.85,3.48,16:49:49,12.887999999999998
1900-01-01 16:49:50,8.95,1.44,0.85,3.48,16:49:50,12.887999999999998
1900-01-01 16:49:51,8.94,1.44,0.85,3.48,16:49:51,12.873599999999998
1900-01-01 16:49:52,8.95,1.44,0.84,3.48,16:49:52,12.887999999999998
1900-01-01 16:49:53,8.95,1.44,0.85,3.49,16:49:53,12.887999999999998
1900-01-01 16:49:54,8.95,1.44,0.85,3.49,16:49:54,12.887999999999998
1900-01-01 16:49:55,8.94,1.44,0.85,3.48,16:49:55,12.873599999999998
1900-01-01 16:49:56,8.95,1.44,0.85,3.48,16:49:56,12.887999999999998
1900-01-01 16:49:57,8.94,1.44,0.85,3.49,16:49:57,12.873599999999998
1900-01-01 16:49:58,8.94,1.44,0.85,3.49,16:49:58,12.873599999999998
1900-01-01 16:49:59,8.95,1.44,0.84,3.49,16:49:59,12.887999999999998
1900-01-01 16:50:00,8.95,1.44,0.85,3.49,16:50:00,12.887999999999998
1900-01-01 16:50:01,8.94,1.44,0.85,3.49,16:50:01,12.873599999999998
1900-01-01 16:50:02,8.94,1.44,0.85,3.48,16:50:02,12.873599999999998
1900-01-01 16:50:03,8.94,1.44,0.85,3.49,16:50:03,12.873599999999998
1900-01-01 16:50:04,8.94,1.44,0.85,3.49,16:50:04,12.873599999999998
1900-01-01 16:50:05,8.94,1.44,0.84,3.48,16:50:05,12.873599999999998
1900-01-01 16:50:06,8.95,1.44,0.85,3.48,16:50:06,12.887999999999998
1900-01-01 16:50:07,8.94,1.44,0.84,3.49,16:50:07,12.873599999999998
1900-01-01 16:50:08,8.94,1.44,0.85,3.49,16:50:08,12.873599999999998
1900-01-01 16:50:09,8.95,1.44,0.85,3.48,16:50:09,12.887999999999998
1900-01-01 16:50:10,8.95,1.44,0.84,3.49,16:50:10,12.887999999999998
1900-01-01 16:50:11,8.93,1.44,0.85,3.48,16:50:11,12.8592
1900-01-01 16:50:12,8.95,1.44,0.85,3.49,16:50:12,12.887999999999998
1900-01-01 16:50:13,8.94,1.44,0.85,3.48,16:50:13,12.873599999999998
1900-01-01 16:50:14,8.95,1.44,0.85,3.48,16:50:14,12.887999999999998
1900-01-01 16:50:15,8.94,1.44,0.84,3.48,16:50:15,12.873599999999998
1900-01-01 16:50:16,8.95,1.44,0.85,3.48,16:50:16,12.887999999999998
1900-01-01 16:50:17,8.95,1.44,0.85,3.48,16:50:17,12.887999999999998
1900-01-01 16:50:18,8.95,1.44,0.85,3.49,16:50:18,12.887999999999998
1900-01-01 16:50:19,8.94,1.44,0.85,3.49,16:50:19,12.873599999999998
1900-01-01 16:50:20,8.96,1.44,0.85,3.48,16:50:20,12.9024
1900-01-01 16:50:21,8.94,1.44,0.84,3.49,16:50:21,12.873599999999998
1900-01-01 16:50:22,8.95,1.44,0.85,3.49,16:50:22,12.887999999999998
1900-01-01 16:50:23,8.95,1.44,0.85,3.49,16:50:23,12.887999999999998
1900-01-01 16:50:24,8.95,1.44,0.85,3.49,16:50:24,12.887999999999998
1900-01-01 16:50:25,8.95,1.44,0.84,3.49,16:50:25,12.887999999999998
1900-01-01 16:50:26,8.94,1.44,0.85,3.48,16:50:26,12.873599999999998
1900-01-01 16:50:27,8.94,1.44,0.85,3.49,16:50:27,12.873599999999998
1900-01-01 16:50:28,8.95,1.44,0.85,3.48,16:50:28,12.887999999999998
1900-01-01 16:50:29,8.94,1.44,0.85,3.49,16:50:29,12.873599999999998
1900-01-01 16:50:30,8.95,1.44,0.85,3.48,16:50:30,12.887999999999998
1900-01-01 16:50:31,8.95,1.44,0.85,3.48,16:50:31,12.887999999999998
1900-01-01 16:50:32,8.95,1.44,0.85,3.49,16:50:32,12.887999999999998
1900-01-01 16:50:33,8.95,1.43,0.85,3.48,16:50:33,12.798499999999999
1900-01-01 16:50:34,8.95,1.44,0.85,3.49,16:50:34,12.887999999999998
1900-01-01 16:50:35,8.93,1.44,0.85,3.49,16:50:35,12.8592
1900-01-01 16:50:36,8.95,1.44,0.85,3.48,16:50:36,12.887999999999998
1900-01-01 16:50:37,8.96,1.44,0.85,3.48,16:50:37,12.9024
1900-01-01 16:50:38,8.95,1.44,0.85,3.49,16:50:38,12.887999999999998
1900-01-01 16:50:39,8.95,1.44,0.85,3.48,16:50:39,12.887999999999998
1900-01-01 16:50:40,8.96,1.44,0.85,3.48,16:50:40,12.9024
1900-01-01 16:50:41,8.94,1.44,0.85,3.48,16:50:41,12.873599999999998
1900-01-01 16:50:42,8.95,1.44,0.85,3.48,16:50:42,12.887999999999998
1900-01-01 16:50:43,8.94,1.44,0.85,3.48,16:50:43,12.873599999999998
1900-01-01 16:50:44,8.95,1.44,0.85,3.49,16:50:44,12.887999999999998
1900-01-01 16:50:45,8.95,1.44,0.85,3.48,16:50:45,12.887999999999998
1900-01-01 16:50:46,8.95,1.44,0.85,3.49,16:50:46,12.887999999999998
1900-01-01 16:50:47,8.95,1.44,0.85,3.48,16:50:47,12.887999999999998
1900-01-01 16:50:48,8.95,1.44,0.85,3.48,16:50:48,12.887999999999998
1900-01-01 16:50:49,8.94,1.44,0.85,3.49,16:50:49,12.873599999999998
1900-01-01 16:50:50,8.94,1.44,0.85,3.48,16:50:50,12.873599999999998
1900-01-01 16:50:51,8.95,1.43,0.85,3.48,16:50:51,12.798499999999999
1900-01-01 16:50:52,8.95,1.44,0.85,3.49,16:50:52,12.887999999999998
1900-01-01 16:50:53,8.94,1.44,0.85,3.48,16:50:53,12.873599999999998
1900-01-01 16:50:54,8.94,1.44,0.85,3.48,16:50:54,12.873599999999998
1900-01-01 16:50:55,8.95,1.44,0.85,3.48,16:50:55,12.887999999999998
1900-01-01 16:50:56,8.94,1.44,0.85,3.49,16:50:56,12.873599999999998
1900-01-01 16:50:57,8.95,1.44,0.85,3.49,16:50:57,12.887999999999998
1900-01-01 16:50:58,8.95,1.44,0.84,3.49,16:50:58,12.887999999999998
1900-01-01 16:50:59,8.95,1.44,0.85,3.49,16:50:59,12.887999999999998
1900-01-01 16:51:00,8.95,1.44,0.85,3.49,16:51:00,12.887999999999998
1900-01-01 16:51:01,8.94,1.44,0.85,3.49,16:51:01,12.873599999999998
1900-01-01 16:51:02,8.94,1.44,0.85,3.49,16:51:02,12.873599999999998
1900-01-01 16:51:03,8.94,1.44,0.85,3.49,16:51:03,12.873599999999998
1900-01-01 16:51:04,8.94,1.44,0.85,3.49,16:51:04,12.873599999999998
1900-01-01 16:51:05,8.95,1.44,0.85,3.48,16:51:05,12.887999999999998
1900-01-01 16:51:06,8.94,1.44,0.85,3.48,16:51:06,12.873599999999998
1900-01-01 16:51:07,8.94,1.44,0.85,3.49,16:51:07,12.873599999999998
1900-01-01 16:51:08,8.94,1.44,0.85,3.49,16:51:08,12.873599999999998
1900-01-01 16:51:09,8.95,1.44,0.85,3.49,16:51:09,12.887999999999998
1900-01-01 16:51:10,8.95,1.44,0.85,3.48,16:51:10,12.887999999999998
1900-01-01 16:51:11,8.95,1.44,0.85,3.48,16:51:11,12.887999999999998
1900-01-01 16:51:12,8.94,1.44,0.85,3.49,16:51:12,12.873599999999998
1900-01-01 16:51:13,8.94,1.44,0.85,3.48,16:51:13,12.873599999999998
1900-01-01 16:51:14,8.94,1.44,0.85,3.48,16:51:14,12.873599999999998
1900-01-01 16:51:15,8.95,1.44,0.85,3.49,16:51:15,12.887999999999998
1900-01-01 16:51:16,8.93,1.44,0.85,3.49,16:51:16,12.8592
1900-01-01 16:51:17,8.94,1.44,0.85,3.48,16:51:17,12.873599999999998
1900-01-01 16:51:18,8.95,1.44,0.85,3.48,16:51:18,12.887999999999998
1900-01-01 16:51:19,8.94,1.44,0.84,3.49,16:51:19,12.873599999999998
1900-01-01 16:51:20,8.95,1.44,0.85,3.48,16:51:20,12.887999999999998
1900-01-01 16:51:21,8.95,1.44,0.84,3.48,16:51:21,12.887999999999998
1900-01-01 16:51:22,8.94,1.44,0.85,3.49,16:51:22,12.873599999999998
1900-01-01 16:51:23,8.94,1.44,0.85,3.48,16:51:23,12.873599999999998
1900-01-01 16:51:24,8.94,1.44,0.84,3.48,16:51:24,12.873599999999998
1900-01-01 16:51:25,8.95,1.44,0.85,3.49,16:51:25,12.887999999999998
1900-01-01 16:51:26,8.95,1.44,0.84,3.49,16:51:26,12.887999999999998
1900-01-01 16:51:27,8.94,1.44,0.85,3.48,16:51:27,12.873599999999998
1900-01-01 16:51:28,8.95,1.44,0.85,3.48,16:51:28,12.887999999999998
1900-01-01 16:51:29,8.94,1.43,0.85,3.49,16:51:29,12.784199999999998
1900-01-01 16:51:30,8.94,1.44,0.85,3.49,16:51:30,12.873599999999998
1900-01-01 16:51:31,8.94,1.43,0.85,3.48,16:51:31,12.784199999999998
1900-01-01 16:51:32,8.95,1.44,0.84,3.48,16:51:32,12.887999999999998
1900-01-01 16:51:33,8.94,1.44,0.85,3.49,16:51:33,12.873599999999998
1900-01-01 16:51:34,8.95,1.44,0.85,3.48,16:51:34,12.887999999999998
1900-01-01 16:51:35,8.95,1.44,0.85,3.49,16:51:35,12.887999999999998
1900-01-01 16:51:36,8.95,1.44,0.85,3.48,16:51:36,12.887999999999998
1900-01-01 16:51:37,8.95,1.44,0.84,3.49,16:51:37,12.887999999999998
1900-01-01 16:51:38,8.95,1.43,0.85,3.49,16:51:38,12.798499999999999
1900-01-01 16:51:39,8.94,1.44,0.84,3.48,16:51:39,12.873599999999998
1900-01-01 16:51:40,8.94,1.44,0.85,3.49,16:51:40,12.873599999999998
1900-01-01 16:51:41,8.95,1.44,0.85,3.48,16:51:41,12.887999999999998
1900-01-01 16:51:42,8.95,1.44,0.85,3.48,16:51:42,12.887999999999998
1900-01-01 16:51:43,8.95,1.44,0.85,3.48,16:51:43,12.887999999999998
1900-01-01 16:51:44,8.95,1.44,0.85,3.49,16:51:44,12.887999999999998
1900-01-01 16:51:45,8.94,1.44,0.85,3.48,16:51:45,12.873599999999998
1900-01-01 16:51:46,8.94,1.44,0.85,3.49,16:51:46,12.873599999999998
1900-01-01 16:51:47,8.94,1.44,0.85,3.49,16:51:47,12.873599999999998
1900-01-01 16:51:48,8.95,1.44,0.84,3.48,16:51:48,12.887999999999998
1900-01-01 16:51:49,8.94,1.44,0.85,3.49,16:51:49,12.873599999999998
1900-01-01 16:51:50,8.95,1.44,0.85,3.48,16:51:50,12.887999999999998
1900-01-01 16:51:51,8.95,1.44,0.85,3.48,16:51:51,12.887999999999998
1900-01-01 16:51:52,8.94,1.43,0.85,3.48,16:51:52,12.784199999999998
1900-01-01 16:51:53,8.95,1.44,0.85,3.48,16:51:53,12.887999999999998
1900-01-01 16:51:54,8.95,1.44,0.85,3.49,16:51:54,12.887999999999998
1900-01-01 16:51:55,8.94,1.44,0.85,3.49,16:51:55,12.873599999999998
1900-01-01 16:51:56,8.94,1.44,0.85,3.49,16:51:56,12.873599999999998
1900-01-01 16:51:57,8.93,1.44,0.84,3.48,16:51:57,12.8592
1900-01-01 16:51:58,8.94,1.44,0.84,3.49,16:51:58,12.873599999999998
1900-01-01 16:51:59,8.95,1.44,0.84,3.48,16:51:59,12.887999999999998
1900-01-01 16:52:00,8.94,1.44,0.85,3.49,16:52:00,12.873599999999998
1900-01-01 16:52:01,8.95,1.44,0.85,3.48,16:52:01,12.887999999999998
1900-01-01 16:52:02,8.94,1.44,0.85,3.49,16:52:02,12.873599999999998
1900-01-01 16:52:03,8.95,1.44,0.85,3.48,16:52:03,12.887999999999998
1900-01-01 16:52:04,8.95,1.44,0.85,3.49,16:52:04,12.887999999999998
1900-01-01 16:52:05,8.95,1.44,0.84,3.48,16:52:05,12.887999999999998
1900-01-01 16:52:06,8.94,1.44,0.85,3.48,16:52:06,12.873599999999998
1900-01-01 16:52:07,8.94,1.44,0.84,3.48,16:52:07,12.873599999999998
1900-01-01 16:52:08,8.95,1.44,0.85,3.48,16:52:08,12.887999999999998
1900-01-01 16:52:09,8.94,1.43,0.85,3.48,16:52:09,12.784199999999998
1900-01-01 16:52:10,8.95,1.44,0.85,3.48,16:52:10,12.887999999999998
1900-01-01 16:52:11,8.95,1.44,0.85,3.49,16:52:11,12.887999999999998
1900-01-01 16:52:12,8.95,1.44,0.85,3.48,16:52:12,12.887999999999998
1900-01-01 16:52:13,8.95,1.44,0.85,3.49,16:52:13,12.887999999999998
1900-01-01 16:52:14,8.93,1.44,0.85,3.48,16:52:14,12.8592
1900-01-01 16:52:15,8.94,1.44,0.84,3.49,16:52:15,12.873599999999998
1900-01-01 16:52:16,8.95,1.44,0.85,3.49,16:52:16,12.887999999999998
1900-01-01 16:52:17,8.94,1.44,0.85,3.48,16:52:17,12.873599999999998
1900-01-01 16:52:18,8.95,1.44,0.85,3.49,16:52:18,12.887999999999998
1900-01-01 16:52:19,8.95,1.44,0.85,3.49,16:52:19,12.887999999999998
1900-01-01 16:52:20,8.95,1.44,0.85,3.48,16:52:20,12.887999999999998
1900-01-01 16:52:21,8.95,1.44,0.85,3.48,16:52:21,12.887999999999998
1900-01-01 16:52:22,8.94,1.44,0.85,3.49,16:52:22,12.873599999999998
1900-01-01 16:52:23,8.95,1.44,0.85,3.48,16:52:23,12.887999999999998
1900-01-01 16:52:24,8.94,1.44,0.85,3.49,16:52:24,12.873599999999998
1900-01-01 16:52:25,8.95,1.44,0.85,3.49,16:52:25,12.887999999999998
1900-01-01 16:52:26,8.94,1.44,0.85,3.48,16:52:26,12.873599999999998
1900-01-01 16:52:27,8.94,1.44,0.85,3.49,16:52:27,12.873599999999998
1900-01-01 16:52:28,8.96,1.44,0.85,3.48,16:52:28,12.9024
1900-01-01 16:52:29,8.95,1.44,0.85,3.49,16:52:29,12.887999999999998
1900-01-01 16:52:30,8.95,1.44,0.85,3.49,16:52:30,12.887999999999998
1900-01-01 16:52:31,8.94,1.44,0.84,3.48,16:52:31,12.873599999999998
1900-01-01 16:52:32,8.95,1.44,0.85,3.48,16:52:32,12.887999999999998
1900-01-01 16:52:33,8.94,1.44,0.85,3.49,16:52:33,12.873599999999998
1900-01-01 16:52:34,8.95,1.44,0.85,3.48,16:52:34,12.887999999999998
1900-01-01 16:52:35,8.95,1.44,0.85,3.48,16:52:35,12.887999999999998
1900-01-01 16:52:36,8.95,1.44,0.85,3.48,16:52:36,12.887999999999998
1900-01-01 16:52:37,8.95,1.43,0.85,3.49,16:52:37,12.798499999999999
1900-01-01 16:52:38,8.95,1.44,0.84,3.49,16:52:38,12.887999999999998
1900-01-01 16:52:39,8.95,1.44,0.85,3.49,16:52:39,12.887999999999998
1900-01-01 16:52:40,8.95,1.44,0.85,3.49,16:52:40,12.887999999999998
1900-01-01 16:52:41,8.95,1.44,0.85,3.49,16:52:41,12.887999999999998
1900-01-01 16:52:42,8.95,1.44,0.85,3.48,16:52:42,12.887999999999998
1900-01-01 16:52:43,8.94,1.43,0.85,3.49,16:52:43,12.784199999999998
1900-01-01 16:52:44,8.95,1.44,0.85,3.48,16:52:44,12.887999999999998
1900-01-01 16:52:45,8.96,1.44,0.85,3.48,16:52:45,12.9024
1900-01-01 16:52:46,8.95,1.43,0.85,3.49,16:52:46,12.798499999999999
1900-01-01 16:52:47,8.95,1.44,0.85,3.48,16:52:47,12.887999999999998
1900-01-01 16:52:48,8.94,1.44,0.85,3.48,16:52:48,12.873599999999998
1900-01-01 16:52:49,8.95,1.44,0.85,3.48,16:52:49,12.887999999999998
1900-01-01 16:52:50,8.95,1.44,0.85,3.48,16:52:50,12.887999999999998
1900-01-01 16:52:51,8.95,1.44,0.85,3.49,16:52:51,12.887999999999998
1900-01-01 16:52:52,8.95,1.44,0.85,3.48,16:52:52,12.887999999999998
1900-01-01 16:52:53,8.95,1.44,0.85,3.49,16:52:53,12.887999999999998
1900-01-01 16:52:54,8.95,1.44,0.84,3.49,16:52:54,12.887999999999998
1900-01-01 16:52:55,8.95,1.44,0.85,3.48,16:52:55,12.887999999999998
1900-01-01 16:52:56,8.95,1.44,0.84,3.49,16:52:56,12.887999999999998
1900-01-01 16:52:57,8.95,1.44,0.85,3.48,16:52:57,12.887999999999998
1900-01-01 16:52:58,8.95,1.44,0.85,3.48,16:52:58,12.887999999999998
1900-01-01 16:52:59,8.95,1.44,0.85,3.49,16:52:59,12.887999999999998
1900-01-01 16:53:00,8.95,1.44,0.85,3.48,16:53:00,12.887999999999998
1900-01-01 16:53:01,8.94,1.44,0.85,3.49,16:53:01,12.873599999999998
1900-01-01 16:53:02,8.95,1.44,0.85,3.48,16:53:02,12.887999999999998
1900-01-01 16:53:03,8.94,1.44,0.85,3.49,16:53:03,12.873599999999998
1900-01-01 16:53:04,8.95,1.44,0.85,3.49,16:53:04,12.887999999999998
1900-01-01 16:53:05,8.95,1.44,0.85,3.49,16:53:05,12.887999999999998
1900-01-01 16:53:06,8.94,1.44,0.85,3.49,16:53:06,12.873599999999998
1900-01-01 16:53:07,8.95,1.44,0.85,3.49,16:53:07,12.887999999999998
1900-01-01 16:53:08,8.94,1.44,0.85,3.48,16:53:08,12.873599999999998
1900-01-01 16:53:09,8.94,1.44,0.85,3.49,16:53:09,12.873599999999998
1900-01-01 16:53:10,8.95,1.44,0.85,3.49,16:53:10,12.887999999999998
1900-01-01 16:53:11,8.95,1.44,0.85,3.49,16:53:11,12.887999999999998
1900-01-01 16:53:12,8.95,1.44,0.85,3.48,16:53:12,12.887999999999998
1900-01-01 16:53:13,8.95,1.44,0.85,3.49,16:53:13,12.887999999999998
1900-01-01 16:53:14,8.95,1.44,0.85,3.49,16:53:14,12.887999999999998
1900-01-01 16:53:15,8.94,1.44,0.85,3.49,16:53:15,12.873599999999998
1900-01-01 16:53:16,8.94,1.44,0.85,3.49,16:53:16,12.873599999999998
1900-01-01 16:53:17,8.95,1.44,0.85,3.48,16:53:17,12.887999999999998
1900-01-01 16:53:18,8.95,1.44,0.85,3.48,16:53:18,12.887999999999998
1900-01-01 16:53:19,8.94,1.44,0.85,3.48,16:53:19,12.873599999999998
1900-01-01 16:53:20,8.95,1.44,0.85,3.49,16:53:20,12.887999999999998
1900-01-01 16:53:21,8.95,1.44,0.85,3.49,16:53:21,12.887999999999998
1900-01-01 16:53:22,8.95,1.44,0.85,3.48,16:53:22,12.887999999999998
1900-01-01 16:53:23,8.94,1.44,0.85,3.48,16:53:23,12.873599999999998
1900-01-01 16:53:24,8.94,1.44,0.85,3.48,16:53:24,12.873599999999998
1900-01-01 16:53:25,8.95,1.44,0.85,3.48,16:53:25,12.887999999999998
1900-01-01 16:53:26,8.94,1.44,0.85,3.49,16:53:26,12.873599999999998
1900-01-01 16:53:27,8.95,1.44,0.85,3.49,16:53:27,12.887999999999998
1900-01-01 16:53:28,8.95,1.44,0.85,3.49,16:53:28,12.887999999999998
1900-01-01 16:53:29,8.95,1.44,0.85,3.49,16:53:29,12.887999999999998
1900-01-01 16:53:30,8.95,1.44,0.85,3.48,16:53:30,12.887999999999998
1900-01-01 16:53:31,8.95,1.44,0.85,3.49,16:53:31,12.887999999999998
1900-01-01 16:53:32,8.95,1.43,0.85,3.48,16:53:32,12.798499999999999
1900-01-01 16:53:33,8.95,1.43,0.85,3.48,16:53:33,12.798499999999999
1900-01-01 16:53:34,8.95,1.44,0.85,3.49,16:53:34,12.887999999999998
1900-01-01 16:53:35,8.95,1.44,0.85,3.49,16:53:35,12.887999999999998
1900-01-01 16:53:36,8.95,1.44,0.85,3.48,16:53:36,12.887999999999998
1900-01-01 16:53:37,8.95,1.44,0.85,3.49,16:53:37,12.887999999999998
1900-01-01 16:53:38,8.95,1.44,0.85,3.49,16:53:38,12.887999999999998
1900-01-01 16:53:39,8.95,1.44,0.85,3.49,16:53:39,12.887999999999998
1900-01-01 16:53:40,8.95,1.44,0.85,3.48,16:53:40,12.887999999999998
1900-01-01 16:53:41,8.95,1.44,0.85,3.48,16:53:41,12.887999999999998
1900-01-01 16:53:42,8.94,1.44,0.85,3.48,16:53:42,12.873599999999998
1900-01-01 16:53:43,8.94,1.44,0.85,3.48,16:53:43,12.873599999999998
1900-01-01 16:53:44,8.94,1.44,0.85,3.48,16:53:44,12.873599999999998
1900-01-01 16:53:45,8.95,1.44,0.85,3.49,16:53:45,12.887999999999998
1900-01-01 16:53:46,8.95,1.44,0.85,3.49,16:53:46,12.887999999999998
1900-01-01 16:53:47,8.94,1.44,0.85,3.48,16:53:47,12.873599999999998
1900-01-01 16:53:48,8.95,1.44,0.85,3.48,16:53:48,12.887999999999998
1900-01-01 16:53:49,8.95,1.44,0.85,3.48,16:53:49,12.887999999999998
1900-01-01 16:53:50,8.94,1.44,0.85,3.48,16:53:50,12.873599999999998
1900-01-01 16:53:51,8.95,1.44,0.85,3.49,16:53:51,12.887999999999998
1900-01-01 16:53:52,8.95,1.44,0.85,3.49,16:53:52,12.887999999999998
1900-01-01 16:53:53,8.94,1.44,0.85,3.48,16:53:53,12.873599999999998
1900-01-01 16:53:54,8.94,1.44,0.85,3.48,16:53:54,12.873599999999998
1900-01-01 16:53:55,8.94,1.44,0.85,3.48,16:53:55,12.873599999999998
1900-01-01 16:53:56,8.94,1.44,0.85,3.48,16:53:56,12.873599999999998
1900-01-01 16:53:57,8.94,1.44,0.85,3.49,16:53:57,12.873599999999998
1900-01-01 16:53:58,8.95,1.44,0.85,3.48,16:53:58,12.887999999999998
1900-01-01 16:53:59,8.95,1.44,0.85,3.48,16:53:59,12.887999999999998
1900-01-01 16:54:00,8.95,1.44,0.85,3.49,16:54:00,12.887999999999998
1900-01-01 16:54:01,8.95,1.44,0.85,3.48,16:54:01,12.887999999999998
1900-01-01 16:54:02,8.94,1.44,0.85,3.48,16:54:02,12.873599999999998
1900-01-01 16:54:03,8.94,1.44,0.85,3.48,16:54:03,12.873599999999998
1900-01-01 16:54:04,8.95,1.44,0.84,3.48,16:54:04,12.887999999999998
1900-01-01 16:54:05,8.95,1.44,0.85,3.48,16:54:05,12.887999999999998
1900-01-01 16:54:06,8.95,1.44,0.85,3.48,16:54:06,12.887999999999998
1900-01-01 16:54:07,8.94,1.44,0.85,3.48,16:54:07,12.873599999999998
1900-01-01 16:54:08,8.94,1.44,0.85,3.49,16:54:08,12.873599999999998
1900-01-01 16:54:09,8.94,1.44,0.85,3.49,16:54:09,12.873599999999998
1900-01-01 16:54:10,8.94,1.44,0.85,3.48,16:54:10,12.873599999999998
1900-01-01 16:54:11,8.94,1.44,0.85,3.49,16:54:11,12.873599999999998
1900-01-01 16:54:12,8.94,1.44,0.85,3.49,16:54:12,12.873599999999998
1900-01-01 16:54:13,8.95,1.44,0.85,3.48,16:54:13,12.887999999999998
1900-01-01 16:54:14,8.95,1.44,0.85,3.48,16:54:14,12.887999999999998
1900-01-01 16:54:15,8.95,1.44,0.85,3.48,16:54:15,12.887999999999998
1900-01-01 16:54:16,8.95,1.44,0.85,3.49,16:54:16,12.887999999999998
1900-01-01 16:54:17,8.95,1.44,0.85,3.48,16:54:17,12.887999999999998
1900-01-01 16:54:18,8.95,1.43,0.85,3.49,16:54:18,12.798499999999999
1900-01-01 16:54:19,8.95,1.44,0.85,3.48,16:54:19,12.887999999999998
1900-01-01 16:54:20,8.95,1.44,0.85,3.49,16:54:20,12.887999999999998
1900-01-01 16:54:21,8.95,1.44,0.85,3.49,16:54:21,12.887999999999998
1900-01-01 16:54:22,8.95,1.44,0.85,3.49,16:54:22,12.887999999999998
1900-01-01 16:54:23,8.94,1.44,0.85,3.49,16:54:23,12.873599999999998
1900-01-01 16:54:24,8.94,1.44,0.85,3.49,16:54:24,12.873599999999998
1900-01-01 16:54:25,8.95,1.44,0.85,3.49,16:54:25,12.887999999999998
1900-01-01 16:54:26,8.94,1.44,0.85,3.48,16:54:26,12.873599999999998
1900-01-01 16:54:27,8.95,1.44,0.85,3.48,16:54:27,12.887999999999998
1900-01-01 16:54:28,8.95,1.44,0.85,3.48,16:54:28,12.887999999999998
1900-01-01 16:54:29,8.95,1.44,0.85,3.48,16:54:29,12.887999999999998
1900-01-01 16:54:30,8.95,1.44,0.84,3.48,16:54:30,12.887999999999998
1900-01-01 16:54:31,8.95,1.44,0.85,3.49,16:54:31,12.887999999999998
1900-01-01 16:54:32,8.95,1.44,0.85,3.49,16:54:32,12.887999999999998
1900-01-01 16:54:33,8.95,1.44,0.85,3.48,16:54:33,12.887999999999998
1900-01-01 16:54:34,8.95,1.44,0.85,3.48,16:54:34,12.887999999999998
1900-01-01 16:54:35,8.94,1.44,0.85,3.48,16:54:35,12.873599999999998
1900-01-01 16:54:36,8.95,1.44,0.85,3.48,16:54:36,12.887999999999998
1900-01-01 16:54:37,8.95,1.44,0.84,3.49,16:54:37,12.887999999999998
1900-01-01 16:54:38,8.94,1.44,0.85,3.49,16:54:38,12.873599999999998
1900-01-01 16:54:39,8.95,1.44,0.85,3.48,16:54:39,12.887999999999998
1900-01-01 16:54:40,8.95,1.44,0.84,3.49,16:54:40,12.887999999999998
1900-01-01 16:54:41,8.95,1.44,0.84,3.49,16:54:41,12.887999999999998
1900-01-01 16:54:42,8.94,1.44,0.84,3.48,16:54:42,12.873599999999998
1900-01-01 16:54:43,8.95,1.44,0.84,3.49,16:54:43,12.887999999999998
1900-01-01 16:54:44,8.95,1.44,0.85,3.48,16:54:44,12.887999999999998
1900-01-01 16:54:45,8.95,1.44,0.85,3.49,16:54:45,12.887999999999998
1900-01-01 16:54:46,8.95,1.44,0.85,3.48,16:54:46,12.887999999999998
1900-01-01 16:54:47,8.95,1.44,0.84,3.48,16:54:47,12.887999999999998
1900-01-01 16:54:48,8.94,1.44,0.85,3.48,16:54:48,12.873599999999998
1900-01-01 16:54:49,8.95,1.44,0.85,3.48,16:54:49,12.887999999999998
1900-01-01 16:54:50,8.95,1.44,0.85,3.49,16:54:50,12.887999999999998
1900-01-01 16:54:51,8.95,1.44,0.85,3.48,16:54:51,12.887999999999998
1900-01-01 16:54:52,8.95,1.44,0.85,3.49,16:54:52,12.887999999999998
1900-01-01 16:54:53,8.95,1.44,0.84,3.48,16:54:53,12.887999999999998
1900-01-01 16:54:54,8.96,1.44,0.85,3.48,16:54:54,12.9024
1900-01-01 16:54:55,8.95,1.44,0.85,3.49,16:54:55,12.887999999999998
1900-01-01 16:54:56,8.95,1.44,0.84,3.49,16:54:56,12.887999999999998
1900-01-01 16:54:57,8.95,1.44,0.85,3.48,16:54:57,12.887999999999998
1900-01-01 16:54:58,8.94,1.44,0.85,3.48,16:54:58,12.873599999999998
1900-01-01 16:54:59,8.96,1.44,0.85,3.49,16:54:59,12.9024
1900-01-01 16:55:00,8.96,1.44,0.85,3.49,16:55:00,12.9024
1900-01-01 16:55:01,8.95,1.43,0.85,3.49,16:55:01,12.798499999999999
1900-01-01 16:55:02,8.95,1.44,0.85,3.49,16:55:02,12.887999999999998
1900-01-01 16:55:03,8.95,1.44,0.85,3.49,16:55:03,12.887999999999998
1900-01-01 16:55:04,8.96,1.44,0.85,3.49,16:55:04,12.9024
1900-01-01 16:55:05,8.95,1.44,0.85,3.48,16:55:05,12.887999999999998
1900-01-01 16:55:06,8.95,1.44,0.85,3.49,16:55:06,12.887999999999998
1900-01-01 16:55:07,8.95,1.44,0.85,3.48,16:55:07,12.887999999999998
1900-01-01 16:55:08,8.95,1.44,0.85,3.49,16:55:08,12.887999999999998
1900-01-01 16:55:09,8.96,1.44,0.85,3.49,16:55:09,12.9024
1900-01-01 16:55:10,8.94,1.44,0.85,3.48,16:55:10,12.873599999999998
1900-01-01 16:55:11,8.95,1.65,0.87,3.51,16:55:11,14.767499999999998
1900-01-01 16:55:12,8.94,1.92,0.89,3.52,16:55:12,17.1648
1900-01-01 16:55:13,8.94,1.92,0.89,3.53,16:55:13,17.1648
1900-01-01 16:55:14,8.94,1.92,0.89,3.53,16:55:14,17.1648
1900-01-01 16:55:15,8.94,1.92,0.89,3.54,16:55:15,17.1648
1900-01-01 16:55:16,8.96,1.92,0.89,3.53,16:55:16,17.203200000000002
1900-01-01 16:55:17,8.95,1.92,0.89,3.52,16:55:17,17.183999999999997
1900-01-01 16:55:18,8.95,1.91,0.89,3.53,16:55:18,17.094499999999996
1900-01-01 16:55:19,8.95,1.92,0.9,3.53,16:55:19,17.183999999999997
1900-01-01 16:55:20,8.95,1.92,0.9,3.53,16:55:20,17.183999999999997
1900-01-01 16:55:21,8.95,1.92,0.9,3.53,16:55:21,17.183999999999997
1900-01-01 16:55:22,8.95,1.92,0.89,3.53,16:55:22,17.183999999999997
1900-01-01 16:55:23,8.96,1.91,0.89,3.53,16:55:23,17.1136
1900-01-01 16:55:24,8.95,1.92,0.89,3.52,16:55:24,17.183999999999997
1900-01-01 16:55:25,8.95,1.92,0.9,3.53,16:55:25,17.183999999999997
1900-01-01 16:55:26,8.95,1.91,0.89,3.52,16:55:26,17.094499999999996
1900-01-01 16:55:27,8.95,1.92,0.9,3.52,16:55:27,17.183999999999997
1900-01-01 16:55:28,8.95,1.92,0.89,3.52,16:55:28,17.183999999999997
1900-01-01 16:55:29,8.94,1.92,0.89,3.53,16:55:29,17.1648
1900-01-01 16:55:30,8.94,1.92,0.89,3.53,16:55:30,17.1648
1900-01-01 16:55:31,8.95,1.91,0.89,3.52,16:55:31,17.094499999999996
1900-01-01 16:55:32,8.95,1.92,0.89,3.53,16:55:32,17.183999999999997
1900-01-01 16:55:33,8.95,1.92,0.89,3.52,16:55:33,17.183999999999997
1900-01-01 16:55:34,8.95,1.92,0.89,3.52,16:55:34,17.183999999999997
1900-01-01 16:55:35,8.95,1.91,0.9,3.53,16:55:35,17.094499999999996
1900-01-01 16:55:36,8.95,1.92,0.89,3.53,16:55:36,17.183999999999997
1900-01-01 16:55:37,8.95,1.91,0.89,3.53,16:55:37,17.094499999999996
1900-01-01 16:55:38,8.95,1.92,0.89,3.53,16:55:38,17.183999999999997
1900-01-01 16:55:39,8.94,1.91,0.89,3.53,16:55:39,17.0754
1900-01-01 16:55:40,8.95,1.91,0.89,3.53,16:55:40,17.094499999999996
1900-01-01 16:55:41,8.96,1.92,0.89,3.53,16:55:41,17.203200000000002
1900-01-01 16:55:42,8.95,1.92,0.89,3.53,16:55:42,17.183999999999997
1900-01-01 16:55:43,8.94,1.92,0.89,3.52,16:55:43,17.1648
1900-01-01 16:55:44,8.96,1.91,0.89,3.54,16:55:44,17.1136
1900-01-01 16:55:45,8.95,1.92,0.9,3.52,16:55:45,17.183999999999997
1900-01-01 16:55:46,8.95,1.91,0.89,3.52,16:55:46,17.094499999999996
1900-01-01 16:55:47,8.95,1.92,0.9,3.52,16:55:47,17.183999999999997
1900-01-01 16:55:48,8.95,1.92,0.89,3.53,16:55:48,17.183999999999997
1900-01-01 16:55:49,8.95,1.92,0.89,3.53,16:55:49,17.183999999999997
1900-01-01 16:55:50,8.94,1.92,0.89,3.53,16:55:50,17.1648
1900-01-01 16:55:51,8.95,1.92,0.89,3.53,16:55:51,17.183999999999997
1900-01-01 16:55:52,8.95,1.92,0.89,3.53,16:55:52,17.183999999999997
1900-01-01 16:55:53,8.95,1.92,0.89,3.53,16:55:53,17.183999999999997
1900-01-01 16:55:54,8.96,1.91,0.89,3.52,16:55:54,17.1136
1900-01-01 16:55:55,8.94,1.92,0.89,3.52,16:55:55,17.1648
1900-01-01 16:55:56,8.96,1.92,0.89,3.53,16:55:56,17.203200000000002
1900-01-01 16:55:57,8.94,1.92,0.89,3.54,16:55:57,17.1648
1900-01-01 16:55:58,8.96,1.92,0.89,3.52,16:55:58,17.203200000000002
1900-01-01 16:55:59,8.94,1.92,0.89,3.53,16:55:59,17.1648
1900-01-01 16:56:00,8.95,1.92,0.89,3.53,16:56:00,17.183999999999997
1900-01-01 16:56:01,8.94,1.92,0.89,3.54,16:56:01,17.1648
1900-01-01 16:56:02,8.95,1.92,0.89,3.53,16:56:02,17.183999999999997
1900-01-01 16:56:03,8.95,1.92,0.89,3.53,16:56:03,17.183999999999997
1900-01-01 16:56:04,8.94,1.92,0.89,3.52,16:56:04,17.1648
1900-01-01 16:56:05,8.94,1.92,0.9,3.52,16:56:05,17.1648
1900-01-01 16:56:06,8.94,1.92,0.89,3.52,16:56:06,17.1648
1900-01-01 16:56:07,8.94,1.92,0.89,3.53,16:56:07,17.1648
1900-01-01 16:56:08,8.95,1.92,0.89,3.53,16:56:08,17.183999999999997
1900-01-01 16:56:09,8.95,1.92,0.9,3.53,16:56:09,17.183999999999997
1900-01-01 16:56:10,8.95,1.92,0.89,3.52,16:56:10,17.183999999999997
1900-01-01 16:56:11,8.95,1.92,0.89,3.53,16:56:11,17.183999999999997
1900-01-01 16:56:12,8.95,1.92,0.89,3.53,16:56:12,17.183999999999997
1900-01-01 16:56:13,8.95,1.92,0.89,3.53,16:56:13,17.183999999999997
1900-01-01 16:56:14,8.96,1.92,0.89,3.53,16:56:14,17.203200000000002
1900-01-01 16:56:15,8.94,1.92,0.89,3.53,16:56:15,17.1648
1900-01-01 16:56:16,8.95,1.91,0.89,3.53,16:56:16,17.094499999999996
1900-01-01 16:56:17,8.94,1.92,0.89,3.52,16:56:17,17.1648
1900-01-01 16:56:18,8.95,1.92,0.89,3.52,16:56:18,17.183999999999997
1900-01-01 16:56:19,8.95,1.92,0.89,3.53,16:56:19,17.183999999999997
1900-01-01 16:56:20,8.96,1.91,0.89,3.52,16:56:20,17.1136
1900-01-01 16:56:21,8.94,1.92,0.89,3.53,16:56:21,17.1648
1900-01-01 16:56:22,8.95,1.92,0.89,3.53,16:56:22,17.183999999999997
1900-01-01 16:56:23,8.93,1.92,0.89,3.53,16:56:23,17.145599999999998
1900-01-01 16:56:24,8.95,1.91,0.9,3.53,16:56:24,17.094499999999996
1900-01-01 16:56:25,8.95,1.91,0.9,3.52,16:56:25,17.094499999999996
1900-01-01 16:56:26,8.96,1.92,0.89,3.53,16:56:26,17.203200000000002
1900-01-01 16:56:27,8.95,1.92,0.9,3.53,16:56:27,17.183999999999997
1900-01-01 16:56:28,8.95,1.93,0.9,3.53,16:56:28,17.2735
1900-01-01 16:56:29,8.95,1.92,0.89,3.53,16:56:29,17.183999999999997
1900-01-01 16:56:30,8.94,1.92,0.89,3.52,16:56:30,17.1648
1900-01-01 16:56:31,8.94,1.91,0.9,3.52,16:56:31,17.0754
1900-01-01 16:56:32,8.94,1.91,0.89,3.53,16:56:32,17.0754
1900-01-01 16:56:33,8.94,1.92,0.89,3.53,16:56:33,17.1648
1900-01-01 16:56:34,8.95,1.92,0.89,3.53,16:56:34,17.183999999999997
1900-01-01 16:56:35,8.95,1.92,0.89,3.53,16:56:35,17.183999999999997
1900-01-01 16:56:36,8.95,1.92,0.89,3.53,16:56:36,17.183999999999997
1900-01-01 16:56:37,8.93,1.92,0.89,3.53,16:56:37,17.145599999999998
1900-01-01 16:56:38,8.95,1.91,0.89,3.53,16:56:38,17.094499999999996
1900-01-01 16:56:39,8.94,1.92,0.89,3.54,16:56:39,17.1648
1900-01-01 16:56:40,8.94,1.92,0.89,3.53,16:56:40,17.1648
1900-01-01 16:56:41,8.94,1.91,0.9,3.53,16:56:41,17.0754
1900-01-01 16:56:42,8.94,1.92,0.9,3.52,16:56:42,17.1648
1900-01-01 16:56:43,8.93,1.92,0.89,3.53,16:56:43,17.145599999999998
1900-01-01 16:56:44,8.94,1.92,0.89,3.53,16:56:44,17.1648
1900-01-01 16:56:45,8.95,1.92,0.9,3.52,16:56:45,17.183999999999997
1900-01-01 16:56:46,8.94,1.91,0.89,3.53,16:56:46,17.0754
1900-01-01 16:56:47,8.95,1.91,0.89,3.54,16:56:47,17.094499999999996
1900-01-01 16:56:48,8.95,1.91,0.9,3.53,16:56:48,17.094499999999996
1900-01-01 16:56:49,8.95,1.91,0.89,3.53,16:56:49,17.094499999999996
1900-01-01 16:56:50,8.95,1.92,0.9,3.53,16:56:50,17.183999999999997
1900-01-01 16:56:51,8.95,1.92,0.89,3.53,16:56:51,17.183999999999997
1900-01-01 16:56:52,8.94,1.91,0.89,3.52,16:56:52,17.0754
1900-01-01 16:56:53,8.95,1.92,0.88,3.54,16:56:53,17.183999999999997
1900-01-01 16:56:54,8.94,1.92,0.9,3.52,16:56:54,17.1648
1900-01-01 16:56:55,8.95,1.92,0.89,3.54,16:56:55,17.183999999999997
1900-01-01 16:56:56,8.95,1.92,0.89,3.53,16:56:56,17.183999999999997
1900-01-01 16:56:57,8.95,1.92,0.89,3.54,16:56:57,17.183999999999997
1900-01-01 16:56:58,8.95,1.91,0.89,3.53,16:56:58,17.094499999999996
1900-01-01 16:56:59,8.95,1.92,0.89,3.52,16:56:59,17.183999999999997
1900-01-01 16:57:00,8.95,1.92,0.89,3.53,16:57:00,17.183999999999997
1900-01-01 16:57:01,8.94,1.91,0.89,3.52,16:57:01,17.0754
1900-01-01 16:57:02,8.95,1.92,0.89,3.54,16:57:02,17.183999999999997
1900-01-01 16:57:03,8.94,1.91,0.89,3.53,16:57:03,17.0754
1900-01-01 16:57:04,8.95,1.92,0.89,3.53,16:57:04,17.183999999999997
1900-01-01 16:57:05,8.95,1.92,0.89,3.54,16:57:05,17.183999999999997
1900-01-01 16:57:06,8.94,1.92,0.89,3.53,16:57:06,17.1648
1900-01-01 16:57:07,8.94,1.92,0.89,3.53,16:57:07,17.1648
1900-01-01 16:57:08,8.95,1.92,0.9,3.52,16:57:08,17.183999999999997
1900-01-01 16:57:09,8.94,1.92,0.89,3.53,16:57:09,17.1648
1900-01-01 16:57:10,8.94,1.91,0.89,3.52,16:57:10,17.0754
1900-01-01 16:57:11,8.95,1.92,0.89,3.52,16:57:11,17.183999999999997
1900-01-01 16:57:12,8.95,1.92,0.89,3.52,16:57:12,17.183999999999997
1900-01-01 16:57:13,8.95,1.92,0.89,3.53,16:57:13,17.183999999999997
1900-01-01 16:57:14,8.94,1.92,0.89,3.53,16:57:14,17.1648
1900-01-01 16:57:15,8.95,1.92,0.89,3.53,16:57:15,17.183999999999997
1900-01-01 16:57:16,8.94,1.92,0.89,3.52,16:57:16,17.1648
1900-01-01 16:57:17,8.95,1.92,0.89,3.53,16:57:17,17.183999999999997
1900-01-01 16:57:18,8.94,1.92,0.88,3.53,16:57:18,17.1648
1900-01-01 16:57:19,8.95,1.92,0.9,3.52,16:57:19,17.183999999999997
1900-01-01 16:57:20,8.96,1.91,0.89,3.53,16:57:20,17.1136
1900-01-01 16:57:21,8.94,1.92,0.89,3.53,16:57:21,17.1648
1900-01-01 16:57:22,8.94,1.92,0.89,3.52,16:57:22,17.1648
1900-01-01 16:57:23,8.95,1.92,0.89,3.53,16:57:23,17.183999999999997
1900-01-01 16:57:24,8.94,1.92,0.89,3.53,16:57:24,17.1648
1900-01-01 16:57:25,8.94,1.92,0.88,3.53,16:57:25,17.1648
1900-01-01 16:57:26,8.95,1.91,0.9,3.52,16:57:26,17.094499999999996
1900-01-01 16:57:27,8.95,1.92,0.89,3.53,16:57:27,17.183999999999997
1900-01-01 16:57:28,8.95,1.92,0.89,3.53,16:57:28,17.183999999999997
1900-01-01 16:57:29,8.94,1.92,0.89,3.54,16:57:29,17.1648
1900-01-01 16:57:30,8.95,1.92,0.89,3.53,16:57:30,17.183999999999997
1900-01-01 16:57:31,8.95,1.92,0.89,3.53,16:57:31,17.183999999999997
1900-01-01 16:57:32,8.94,1.92,0.89,3.53,16:57:32,17.1648
1900-01-01 16:57:33,8.95,1.92,0.89,3.53,16:57:33,17.183999999999997
1900-01-01 16:57:34,8.95,1.92,0.9,3.52,16:57:34,17.183999999999997
1900-01-01 16:57:35,8.95,1.91,0.89,3.52,16:57:35,17.094499999999996
1900-01-01 16:57:36,8.95,1.92,0.89,3.52,16:57:36,17.183999999999997
1900-01-01 16:57:37,8.95,1.92,0.89,3.53,16:57:37,17.183999999999997
1900-01-01 16:57:38,8.94,1.92,0.89,3.53,16:57:38,17.1648
1900-01-01 16:57:39,8.95,1.92,0.89,3.53,16:57:39,17.183999999999997
1900-01-01 16:57:40,8.95,1.92,0.89,3.53,16:57:40,17.183999999999997
1900-01-01 16:57:41,8.95,1.92,0.89,3.53,16:57:41,17.183999999999997
1900-01-01 16:57:42,8.96,1.92,0.9,3.52,16:57:42,17.203200000000002
1900-01-01 16:57:43,8.95,1.92,0.89,3.52,16:57:43,17.183999999999997
1900-01-01 16:57:44,8.94,1.92,0.9,3.52,16:57:44,17.1648
1900-01-01 16:57:45,8.96,1.92,0.9,3.52,16:57:45,17.203200000000002
1900-01-01 16:57:46,8.95,1.92,0.9,3.53,16:57:46,17.183999999999997
1900-01-01 16:57:47,8.95,1.92,0.89,3.53,16:57:47,17.183999999999997
1900-01-01 16:57:48,8.95,1.92,0.89,3.53,16:57:48,17.183999999999997
1900-01-01 16:57:49,8.94,1.92,0.89,3.52,16:57:49,17.1648
1900-01-01 16:57:50,8.95,1.92,0.89,3.54,16:57:50,17.183999999999997
1900-01-01 16:57:51,8.95,1.92,0.89,3.53,16:57:51,17.183999999999997
1900-01-01 16:57:52,8.96,1.92,0.89,3.53,16:57:52,17.203200000000002
1900-01-01 16:57:53,8.95,1.92,0.89,3.53,16:57:53,17.183999999999997
1900-01-01 16:57:54,8.95,1.92,0.89,3.52,16:57:54,17.183999999999997
1900-01-01 16:57:55,8.95,1.92,0.89,3.53,16:57:55,17.183999999999997
1900-01-01 16:57:56,8.95,1.92,0.9,3.52,16:57:56,17.183999999999997
1900-01-01 16:57:57,8.94,1.92,0.89,3.53,16:57:57,17.1648
1900-01-01 16:57:58,8.95,1.92,0.89,3.54,16:57:58,17.183999999999997
1900-01-01 16:57:59,8.95,1.92,0.9,3.53,16:57:59,17.183999999999997
1900-01-01 16:58:00,8.95,1.92,0.89,3.53,16:58:00,17.183999999999997
1900-01-01 16:58:01,8.95,1.92,0.9,3.53,16:58:01,17.183999999999997
1900-01-01 16:58:02,8.95,1.92,0.89,3.53,16:58:02,17.183999999999997
1900-01-01 16:58:03,8.94,1.91,0.89,3.54,16:58:03,17.0754
1900-01-01 16:58:04,8.95,1.92,0.89,3.53,16:58:04,17.183999999999997
1900-01-01 16:58:05,8.96,1.92,0.89,3.53,16:58:05,17.203200000000002
1900-01-01 16:58:06,8.95,1.92,0.89,3.52,16:58:06,17.183999999999997
1900-01-01 16:58:07,8.95,0.49,0.76,3.39,16:58:07,4.3854999999999995
1900-01-01 16:58:08,8.95,1.44,0.85,3.49,16:58:08,12.887999999999998
1900-01-01 16:58:09,8.95,1.44,0.85,3.49,16:58:09,12.887999999999998
1900-01-01 16:58:10,8.95,1.44,0.85,3.49,16:58:10,12.887999999999998
1900-01-01 16:58:11,8.95,1.44,0.85,3.49,16:58:11,12.887999999999998
1900-01-01 16:58:12,8.95,1.44,0.85,3.48,16:58:12,12.887999999999998
1900-01-01 16:58:13,8.94,1.44,0.85,3.49,16:58:13,12.873599999999998
1900-01-01 16:58:14,8.95,1.44,0.85,3.49,16:58:14,12.887999999999998
1900-01-01 16:58:15,8.94,1.44,0.85,3.49,16:58:15,12.873599999999998
1900-01-01 16:58:16,8.95,1.44,0.85,3.49,16:58:16,12.887999999999998
1900-01-01 16:58:17,8.94,1.45,0.85,3.48,16:58:17,12.963
1900-01-01 16:58:18,8.95,1.44,0.85,3.49,16:58:18,12.887999999999998
1900-01-01 16:58:19,8.95,1.44,0.85,3.49,16:58:19,12.887999999999998
1900-01-01 16:58:20,8.94,1.44,0.84,3.49,16:58:20,12.873599999999998
1900-01-01 16:58:21,8.95,1.44,0.85,3.49,16:58:21,12.887999999999998
1900-01-01 16:58:22,8.95,1.44,0.85,3.49,16:58:22,12.887999999999998
1900-01-01 16:58:23,8.95,1.44,0.85,3.48,16:58:23,12.887999999999998
1900-01-01 16:58:24,8.95,1.44,0.85,3.48,16:58:24,12.887999999999998
1900-01-01 16:58:25,8.94,1.44,0.85,3.49,16:58:25,12.873599999999998
1900-01-01 16:58:26,8.95,1.44,0.85,3.48,16:58:26,12.887999999999998
1900-01-01 16:58:27,8.95,1.44,0.85,3.49,16:58:27,12.887999999999998
1900-01-01 16:58:28,8.95,1.44,0.84,3.49,16:58:28,12.887999999999998
1900-01-01 16:58:29,8.95,1.44,0.85,3.48,16:58:29,12.887999999999998
1900-01-01 16:58:30,8.95,1.44,0.84,3.49,16:58:30,12.887999999999998
1900-01-01 16:58:31,8.94,1.44,0.85,3.48,16:58:31,12.873599999999998
1900-01-01 16:58:32,8.96,1.44,0.85,3.49,16:58:32,12.9024
1900-01-01 16:58:33,8.94,1.44,0.85,3.49,16:58:33,12.873599999999998
1900-01-01 16:58:34,8.95,1.44,0.85,3.48,16:58:34,12.887999999999998
1900-01-01 16:58:35,8.95,1.44,0.85,3.48,16:58:35,12.887999999999998
1900-01-01 16:58:36,8.95,1.44,0.85,3.48,16:58:36,12.887999999999998
1900-01-01 16:58:37,8.94,1.44,0.85,3.49,16:58:37,12.873599999999998
1900-01-01 16:58:38,8.94,1.44,0.85,3.49,16:58:38,12.873599999999998
1900-01-01 16:58:39,8.95,1.44,0.85,3.49,16:58:39,12.887999999999998
1900-01-01 16:58:40,8.94,1.44,0.85,3.48,16:58:40,12.873599999999998
1900-01-01 16:58:41,8.94,1.44,0.85,3.49,16:58:41,12.873599999999998
1900-01-01 16:58:42,8.95,1.44,0.85,3.49,16:58:42,12.887999999999998
1900-01-01 16:58:43,8.95,1.44,0.85,3.48,16:58:43,12.887999999999998
1900-01-01 16:58:44,8.94,1.44,0.85,3.48,16:58:44,12.873599999999998
1900-01-01 16:58:45,8.94,1.44,0.84,3.48,16:58:45,12.873599999999998
1900-01-01 16:58:46,8.94,1.44,0.85,3.48,16:58:46,12.873599999999998
1900-01-01 16:58:47,8.94,1.44,0.85,3.48,16:58:47,12.873599999999998
1900-01-01 16:58:48,8.94,1.44,0.85,3.49,16:58:48,12.873599999999998
1900-01-01 16:58:49,8.94,1.44,0.85,3.49,16:58:49,12.873599999999998
1900-01-01 16:58:50,8.95,1.44,0.85,3.49,16:58:50,12.887999999999998
1900-01-01 16:58:51,8.94,1.44,0.85,3.49,16:58:51,12.873599999999998
1900-01-01 16:58:52,8.95,1.44,0.85,3.48,16:58:52,12.887999999999998
1900-01-01 16:58:53,8.96,1.44,0.85,3.48,16:58:53,12.9024
1900-01-01 16:58:54,8.95,1.44,0.85,3.49,16:58:54,12.887999999999998
1900-01-01 16:58:55,8.95,1.44,0.85,3.48,16:58:55,12.887999999999998
1900-01-01 16:58:56,8.94,1.44,0.85,3.48,16:58:56,12.873599999999998
1900-01-01 16:58:57,8.95,1.44,0.85,3.49,16:58:57,12.887999999999998
1900-01-01 16:58:58,8.95,1.44,0.85,3.49,16:58:58,12.887999999999998
1900-01-01 16:58:59,8.95,1.44,0.85,3.48,16:58:59,12.887999999999998
1900-01-01 16:59:00,8.94,1.44,0.85,3.48,16:59:00,12.873599999999998
1900-01-01 16:59:01,8.95,1.44,0.85,3.49,16:59:01,12.887999999999998
1900-01-01 16:59:02,8.94,1.44,0.85,3.49,16:59:02,12.873599999999998
1900-01-01 16:59:03,8.94,1.44,0.85,3.48,16:59:03,12.873599999999998
1900-01-01 16:59:04,8.95,1.44,0.85,3.48,16:59:04,12.887999999999998
1900-01-01 16:59:05,8.94,1.44,0.85,3.48,16:59:05,12.873599999999998
1900-01-01 16:59:06,8.95,1.44,0.85,3.49,16:59:06,12.887999999999998
1900-01-01 16:59:07,8.95,1.44,0.85,3.48,16:59:07,12.887999999999998
1900-01-01 16:59:08,8.95,1.44,0.85,3.49,16:59:08,12.887999999999998
1900-01-01 16:59:09,8.94,1.44,0.85,3.49,16:59:09,12.873599999999998
1900-01-01 16:59:10,8.94,1.44,0.85,3.49,16:59:10,12.873599999999998
1900-01-01 16:59:11,8.95,1.44,0.85,3.49,16:59:11,12.887999999999998
1900-01-01 16:59:12,8.96,1.44,0.85,3.48,16:59:12,12.9024
1900-01-01 16:59:13,8.95,1.44,0.85,3.48,16:59:13,12.887999999999998
1900-01-01 16:59:14,8.95,1.44,0.85,3.49,16:59:14,12.887999999999998
1900-01-01 16:59:15,8.94,1.44,0.85,3.48,16:59:15,12.873599999999998
1900-01-01 16:59:16,8.95,1.44,0.85,3.49,16:59:16,12.887999999999998
1900-01-01 16:59:17,8.95,1.44,0.85,3.48,16:59:17,12.887999999999998
1900-01-01 16:59:18,8.95,1.44,0.85,3.49,16:59:18,12.887999999999998
1900-01-01 16:59:19,8.94,1.44,0.85,3.49,16:59:19,12.873599999999998
1900-01-01 16:59:20,8.95,1.44,0.85,3.48,16:59:20,12.887999999999998
1900-01-01 16:59:21,8.94,1.44,0.85,3.49,16:59:21,12.873599999999998
1900-01-01 16:59:22,8.94,1.44,0.85,3.48,16:59:22,12.873599999999998
1900-01-01 16:59:23,8.94,1.44,0.84,3.49,16:59:23,12.873599999999998
1900-01-01 16:59:24,8.95,1.44,0.85,3.48,16:59:24,12.887999999999998
1900-01-01 16:59:25,8.94,1.44,0.85,3.49,16:59:25,12.873599999999998
1900-01-01 16:59:26,8.95,1.44,0.85,3.49,16:59:26,12.887999999999998
1900-01-01 16:59:27,8.95,1.44,0.85,3.48,16:59:27,12.887999999999998
1900-01-01 16:59:28,8.95,1.44,0.85,3.49,16:59:28,12.887999999999998
1900-01-01 16:59:29,8.94,1.44,0.84,3.49,16:59:29,12.873599999999998
1900-01-01 16:59:30,8.95,1.44,0.85,3.49,16:59:30,12.887999999999998
1900-01-01 16:59:31,8.94,1.44,0.85,3.48,16:59:31,12.873599999999998
1900-01-01 16:59:32,8.95,1.44,0.85,3.48,16:59:32,12.887999999999998
1900-01-01 16:59:33,8.95,1.44,0.85,3.48,16:59:33,12.887999999999998
1900-01-01 16:59:34,8.94,1.44,0.85,3.49,16:59:34,12.873599999999998
1900-01-01 16:59:35,8.95,1.44,0.85,3.48,16:59:35,12.887999999999998
1900-01-01 16:59:36,8.95,1.44,0.85,3.49,16:59:36,12.887999999999998
1900-01-01 16:59:37,8.94,1.44,0.85,3.48,16:59:37,12.873599999999998
1900-01-01 16:59:38,8.94,1.44,0.84,3.48,16:59:38,12.873599999999998
1900-01-01 16:59:39,8.95,1.44,0.85,3.49,16:59:39,12.887999999999998
1900-01-01 16:59:40,8.94,1.44,0.85,3.48,16:59:40,12.873599999999998
1900-01-01 16:59:41,8.95,1.44,0.84,3.49,16:59:41,12.887999999999998
1900-01-01 16:59:42,8.94,1.44,0.85,3.49,16:59:42,12.873599999999998
1900-01-01 16:59:43,8.94,1.44,0.85,3.48,16:59:43,12.873599999999998
1900-01-01 16:59:44,8.94,1.44,0.85,3.49,16:59:44,12.873599999999998
1900-01-01 16:59:45,8.95,1.44,0.85,3.49,16:59:45,12.887999999999998
1900-01-01 16:59:46,8.95,1.44,0.85,3.48,16:59:46,12.887999999999998
1900-01-01 16:59:47,8.94,1.44,0.85,3.49,16:59:47,12.873599999999998
1900-01-01 16:59:48,8.95,1.44,0.85,3.49,16:59:48,12.887999999999998
1900-01-01 16:59:49,8.95,1.44,0.85,3.48,16:59:49,12.887999999999998
1900-01-01 16:59:50,8.95,1.44,0.85,3.49,16:59:50,12.887999999999998
1900-01-01 16:59:51,8.94,1.44,0.85,3.48,16:59:51,12.873599999999998
1900-01-01 16:59:52,8.95,1.44,0.85,3.49,16:59:52,12.887999999999998
1900-01-01 16:59:53,8.95,1.44,0.85,3.49,16:59:53,12.887999999999998
1900-01-01 16:59:54,8.95,1.44,0.85,3.49,16:59:54,12.887999999999998
1900-01-01 16:59:55,8.95,1.44,0.85,3.48,16:59:55,12.887999999999998
1900-01-01 16:59:56,8.94,1.44,0.85,3.48,16:59:56,12.873599999999998
1900-01-01 16:59:57,8.96,1.44,0.85,3.49,16:59:57,12.9024
1900-01-01 16:59:58,8.95,1.44,0.85,3.49,16:59:58,12.887999999999998
1900-01-01 16:59:59,8.94,1.44,0.85,3.48,16:59:59,12.873599999999998
1900-01-01 17:00:00,8.94,1.44,0.84,3.48,17:00:00,12.873599999999998
1900-01-01 17:00:01,8.95,1.44,0.85,3.49,17:00:01,12.887999999999998
1900-01-01 17:00:02,8.95,1.44,0.85,3.48,17:00:02,12.887999999999998
1900-01-01 17:00:03,8.95,1.44,0.85,3.49,17:00:03,12.887999999999998
1900-01-01 17:00:04,8.95,1.44,0.85,3.48,17:00:04,12.887999999999998
1900-01-01 17:00:05,8.94,1.44,0.85,3.49,17:00:05,12.873599999999998
1900-01-01 17:00:06,8.94,1.44,0.85,3.49,17:00:06,12.873599999999998
1900-01-01 17:00:07,8.94,1.44,0.85,3.49,17:00:07,12.873599999999998
1900-01-01 17:00:08,8.95,1.44,0.84,3.48,17:00:08,12.887999999999998
1900-01-01 17:00:09,8.95,1.44,0.85,3.49,17:00:09,12.887999999999998
1900-01-01 17:00:10,8.95,1.44,0.85,3.48,17:00:10,12.887999999999998
1900-01-01 17:00:11,8.95,1.44,0.85,3.48,17:00:11,12.887999999999998
1900-01-01 17:00:12,8.95,1.44,0.84,3.49,17:00:12,12.887999999999998
1900-01-01 17:00:13,8.95,1.44,0.85,3.49,17:00:13,12.887999999999998
1900-01-01 17:00:14,8.95,1.44,0.85,3.49,17:00:14,12.887999999999998
1900-01-01 17:00:15,8.95,1.44,0.85,3.48,17:00:15,12.887999999999998
1900-01-01 17:00:16,8.96,1.44,0.85,3.48,17:00:16,12.9024
1900-01-01 17:00:17,8.95,1.44,0.85,3.49,17:00:17,12.887999999999998
1900-01-01 17:00:18,8.94,1.44,0.85,3.49,17:00:18,12.873599999999998
1900-01-01 17:00:19,8.94,1.44,0.85,3.49,17:00:19,12.873599999999998
1900-01-01 17:00:20,8.94,1.44,0.85,3.48,17:00:20,12.873599999999998
1900-01-01 17:00:21,8.95,1.44,0.85,3.49,17:00:21,12.887999999999998
1900-01-01 17:00:22,8.95,1.44,0.85,3.49,17:00:22,12.887999999999998
1900-01-01 17:00:23,8.95,1.44,0.85,3.48,17:00:23,12.887999999999998
1900-01-01 17:00:24,8.94,1.44,0.85,3.49,17:00:24,12.873599999999998
1900-01-01 17:00:25,8.95,1.44,0.84,3.49,17:00:25,12.887999999999998
1900-01-01 17:00:26,8.95,1.44,0.85,3.49,17:00:26,12.887999999999998
1900-01-01 17:00:27,8.94,1.44,0.85,3.48,17:00:27,12.873599999999998
1900-01-01 17:00:28,8.95,1.44,0.85,3.48,17:00:28,12.887999999999998
1900-01-01 17:00:29,8.94,1.44,0.84,3.49,17:00:29,12.873599999999998
1900-01-01 17:00:30,8.94,1.44,0.85,3.49,17:00:30,12.873599999999998
1900-01-01 17:00:31,8.94,1.44,0.85,3.48,17:00:31,12.873599999999998
1900-01-01 17:00:32,8.94,1.44,0.85,3.48,17:00:32,12.873599999999998
1900-01-01 17:00:33,8.94,1.44,0.85,3.48,17:00:33,12.873599999999998
1900-01-01 17:00:34,8.94,1.44,0.85,3.48,17:00:34,12.873599999999998
1900-01-01 17:00:35,8.95,1.44,0.85,3.49,17:00:35,12.887999999999998
1900-01-01 17:00:36,8.94,1.44,0.85,3.48,17:00:36,12.873599999999998
1900-01-01 17:00:37,8.94,1.44,0.85,3.48,17:00:37,12.873599999999998
1900-01-01 17:00:38,8.95,1.44,0.85,3.49,17:00:38,12.887999999999998
1900-01-01 17:00:39,8.94,1.44,0.85,3.48,17:00:39,12.873599999999998
1900-01-01 17:00:40,8.94,1.44,0.85,3.49,17:00:40,12.873599999999998
1900-01-01 17:00:41,8.95,1.44,0.85,3.49,17:00:41,12.887999999999998
1900-01-01 17:00:42,8.94,1.44,0.84,3.49,17:00:42,12.873599999999998
1900-01-01 17:00:43,8.95,1.44,0.85,3.48,17:00:43,12.887999999999998
1900-01-01 17:00:44,8.95,1.44,0.85,3.48,17:00:44,12.887999999999998
1900-01-01 17:00:45,8.94,1.44,0.85,3.48,17:00:45,12.873599999999998
1900-01-01 17:00:46,8.95,1.44,0.85,3.49,17:00:46,12.887999999999998
1900-01-01 17:00:47,8.96,1.44,0.85,3.48,17:00:47,12.9024
1900-01-01 17:00:48,8.94,1.44,0.85,3.48,17:00:48,12.873599999999998
1900-01-01 17:00:49,8.95,1.44,0.84,3.49,17:00:49,12.887999999999998
1900-01-01 17:00:50,8.95,1.44,0.85,3.49,17:00:50,12.887999999999998
1900-01-01 17:00:51,8.94,1.44,0.85,3.49,17:00:51,12.873599999999998
1900-01-01 17:00:52,8.95,1.44,0.85,3.48,17:00:52,12.887999999999998
1900-01-01 17:00:53,8.95,1.44,0.85,3.48,17:00:53,12.887999999999998
1900-01-01 17:00:54,8.95,1.44,0.85,3.48,17:00:54,12.887999999999998
1900-01-01 17:00:55,8.94,1.44,0.85,3.49,17:00:55,12.873599999999998
1900-01-01 17:00:56,8.95,1.44,0.85,3.48,17:00:56,12.887999999999998
1900-01-01 17:00:57,8.95,1.44,0.85,3.49,17:00:57,12.887999999999998
1900-01-01 17:00:58,8.95,1.44,0.85,3.48,17:00:58,12.887999999999998
1900-01-01 17:00:59,8.95,1.44,0.85,3.48,17:00:59,12.887999999999998
1900-01-01 17:01:00,8.95,1.44,0.85,3.49,17:01:00,12.887999999999998
1900-01-01 17:01:01,8.96,1.44,0.85,3.49,17:01:01,12.9024
1900-01-01 17:01:02,8.95,1.44,0.85,3.48,17:01:02,12.887999999999998
1900-01-01 17:01:03,8.95,1.44,0.85,3.49,17:01:03,12.887999999999998
1900-01-01 17:01:04,8.94,1.44,0.85,3.48,17:01:04,12.873599999999998
1900-01-01 17:01:05,8.94,1.44,0.85,3.48,17:01:05,12.873599999999998
1900-01-01 17:01:06,8.94,1.44,0.85,3.48,17:01:06,12.873599999999998
1900-01-01 17:01:07,8.95,1.44,0.85,3.49,17:01:07,12.887999999999998
1900-01-01 17:01:08,8.95,1.44,0.85,3.49,17:01:08,12.887999999999998
1900-01-01 17:01:09,8.95,1.44,0.85,3.49,17:01:09,12.887999999999998
1900-01-01 17:01:10,8.94,1.44,0.85,3.49,17:01:10,12.873599999999998
1900-01-01 17:01:11,8.95,1.44,0.84,3.49,17:01:11,12.887999999999998
1900-01-01 17:01:12,8.95,1.44,0.85,3.49,17:01:12,12.887999999999998
1900-01-01 17:01:13,8.94,1.44,0.85,3.48,17:01:13,12.873599999999998
1900-01-01 17:01:14,8.94,1.44,0.84,3.48,17:01:14,12.873599999999998
1900-01-01 17:01:15,8.94,1.44,0.85,3.48,17:01:15,12.873599999999998
1900-01-01 17:01:16,8.94,1.44,0.85,3.48,17:01:16,12.873599999999998
1900-01-01 17:01:17,8.95,1.44,0.85,3.49,17:01:17,12.887999999999998
1900-01-01 17:01:18,8.95,1.44,0.85,3.49,17:01:18,12.887999999999998
1900-01-01 17:01:19,8.94,1.44,0.84,3.49,17:01:19,12.873599999999998
1900-01-01 17:01:20,8.93,1.44,0.85,3.49,17:01:20,12.8592
1900-01-01 17:01:21,8.94,1.44,0.85,3.49,17:01:21,12.873599999999998
1900-01-01 17:01:22,8.95,1.44,0.85,3.48,17:01:22,12.887999999999998
1900-01-01 17:01:23,8.95,1.44,0.85,3.48,17:01:23,12.887999999999998
1900-01-01 17:01:24,8.95,1.44,0.85,3.48,17:01:24,12.887999999999998
1900-01-01 17:01:25,8.94,1.44,0.85,3.49,17:01:25,12.873599999999998
1900-01-01 17:01:26,8.94,1.44,0.84,3.48,17:01:26,12.873599999999998
1900-01-01 17:01:27,8.95,1.44,0.85,3.49,17:01:27,12.887999999999998
1900-01-01 17:01:28,8.93,1.44,0.85,3.49,17:01:28,12.8592
1900-01-01 17:01:29,8.95,1.44,0.85,3.49,17:01:29,12.887999999999998
1900-01-01 17:01:30,8.95,1.44,0.85,3.49,17:01:30,12.887999999999998
1900-01-01 17:01:31,8.94,1.44,0.85,3.48,17:01:31,12.873599999999998
1900-01-01 17:01:32,8.95,1.44,0.85,3.48,17:01:32,12.887999999999998
1900-01-01 17:01:33,8.95,1.44,0.85,3.49,17:01:33,12.887999999999998
1900-01-01 17:01:34,8.95,1.44,0.85,3.49,17:01:34,12.887999999999998
1900-01-01 17:01:35,8.95,1.44,0.85,3.49,17:01:35,12.887999999999998
1900-01-01 17:01:36,8.94,1.44,0.85,3.49,17:01:36,12.873599999999998
1900-01-01 17:01:37,8.94,1.44,0.85,3.49,17:01:37,12.873599999999998
1900-01-01 17:01:38,8.94,1.44,0.85,3.48,17:01:38,12.873599999999998
1900-01-01 17:01:39,8.94,1.44,0.85,3.49,17:01:39,12.873599999999998
1900-01-01 17:01:40,8.95,1.44,0.85,3.48,17:01:40,12.887999999999998
1900-01-01 17:01:41,8.94,1.44,0.85,3.49,17:01:41,12.873599999999998
1900-01-01 17:01:42,8.94,1.44,0.85,3.49,17:01:42,12.873599999999998
1900-01-01 17:01:43,8.94,1.44,0.85,3.48,17:01:43,12.873599999999998
1900-01-01 17:01:44,8.94,1.44,0.85,3.48,17:01:44,12.873599999999998
1900-01-01 17:01:45,8.94,1.44,0.85,3.48,17:01:45,12.873599999999998
1900-01-01 17:01:46,8.95,1.44,0.85,3.48,17:01:46,12.887999999999998
1900-01-01 17:01:47,8.95,1.44,0.85,3.49,17:01:47,12.887999999999998
1900-01-01 17:01:48,8.94,1.44,0.85,3.49,17:01:48,12.873599999999998
1900-01-01 17:01:49,8.94,1.44,0.85,3.49,17:01:49,12.873599999999998
1900-01-01 17:01:50,8.93,1.44,0.85,3.48,17:01:50,12.8592
1900-01-01 17:01:51,8.94,1.44,0.84,3.48,17:01:51,12.873599999999998
1900-01-01 17:01:52,8.94,1.44,0.85,3.49,17:01:52,12.873599999999998
1900-01-01 17:01:53,8.94,1.44,0.85,3.48,17:01:53,12.873599999999998
1900-01-01 17:01:54,8.95,1.44,0.85,3.49,17:01:54,12.887999999999998
1900-01-01 17:01:55,8.94,1.44,0.85,3.48,17:01:55,12.873599999999998
1900-01-01 17:01:56,8.94,1.44,0.85,3.48,17:01:56,12.873599999999998
1900-01-01 17:01:57,8.94,1.44,0.85,3.49,17:01:57,12.873599999999998
1900-01-01 17:01:58,8.95,1.44,0.85,3.49,17:01:58,12.887999999999998
1900-01-01 17:01:59,8.95,1.43,0.85,3.48,17:01:59,12.798499999999999
1900-01-01 17:02:00,8.95,1.44,0.84,3.49,17:02:00,12.887999999999998
1900-01-01 17:02:01,8.95,1.44,0.85,3.49,17:02:01,12.887999999999998
1900-01-01 17:02:02,8.96,1.44,0.85,3.48,17:02:02,12.9024
1900-01-01 17:02:03,8.94,1.44,0.85,3.49,17:02:03,12.873599999999998
1900-01-01 17:02:04,8.95,1.44,0.85,3.49,17:02:04,12.887999999999998
1900-01-01 17:02:05,8.93,1.44,0.85,3.48,17:02:05,12.8592
1900-01-01 17:02:06,8.95,1.44,0.84,3.49,17:02:06,12.887999999999998
1900-01-01 17:02:07,8.94,1.44,0.85,3.48,17:02:07,12.873599999999998
1900-01-01 17:02:08,8.94,1.44,0.85,3.48,17:02:08,12.873599999999998
1900-01-01 17:02:09,8.95,1.44,0.85,3.48,17:02:09,12.887999999999998
1900-01-01 17:02:10,8.95,1.44,0.85,3.48,17:02:10,12.887999999999998
1900-01-01 17:02:11,8.94,1.44,0.85,3.49,17:02:11,12.873599999999998
1900-01-01 17:02:12,8.95,1.44,0.84,3.49,17:02:12,12.887999999999998
1900-01-01 17:02:13,8.95,1.44,0.85,3.48,17:02:13,12.887999999999998
1900-01-01 17:02:14,8.96,1.44,0.85,3.49,17:02:14,12.9024
1900-01-01 17:02:15,8.95,1.44,0.85,3.48,17:02:15,12.887999999999998
1900-01-01 17:02:16,8.94,1.44,0.85,3.49,17:02:16,12.873599999999998
1900-01-01 17:02:17,8.94,1.44,0.85,3.48,17:02:17,12.873599999999998
1900-01-01 17:02:18,8.94,1.44,0.85,3.48,17:02:18,12.873599999999998
1900-01-01 17:02:19,8.94,1.44,0.85,3.48,17:02:19,12.873599999999998
1900-01-01 17:02:20,8.94,1.44,0.85,3.48,17:02:20,12.873599999999998
1900-01-01 17:02:21,8.95,1.44,0.85,3.49,17:02:21,12.887999999999998
1900-01-01 17:02:22,8.95,1.44,0.85,3.48,17:02:22,12.887999999999998
1900-01-01 17:02:23,8.94,1.44,0.85,3.48,17:02:23,12.873599999999998
1900-01-01 17:02:24,8.95,1.44,0.85,3.48,17:02:24,12.887999999999998
1900-01-01 17:02:25,8.95,1.44,0.85,3.49,17:02:25,12.887999999999998
1900-01-01 17:02:26,8.95,1.44,0.85,3.48,17:02:26,12.887999999999998
1900-01-01 17:02:27,8.95,1.44,0.85,3.48,17:02:27,12.887999999999998
1900-01-01 17:02:28,8.94,1.44,0.85,3.49,17:02:28,12.873599999999998
1900-01-01 17:02:29,8.95,1.44,0.85,3.49,17:02:29,12.887999999999998
1900-01-01 17:02:30,8.94,1.44,0.85,3.49,17:02:30,12.873599999999998
1900-01-01 17:02:31,8.94,1.44,0.85,3.49,17:02:31,12.873599999999998
1900-01-01 17:02:32,8.94,1.44,0.85,3.49,17:02:32,12.873599999999998
1900-01-01 17:02:33,8.93,1.44,0.85,3.48,17:02:33,12.8592
1900-01-01 17:02:34,8.95,1.44,0.85,3.48,17:02:34,12.887999999999998
1900-01-01 17:02:35,8.95,1.44,0.85,3.49,17:02:35,12.887999999999998
1900-01-01 17:02:36,8.94,1.44,0.85,3.49,17:02:36,12.873599999999998
1900-01-01 17:02:37,8.94,1.44,0.85,3.49,17:02:37,12.873599999999998
1900-01-01 17:02:38,8.94,1.44,0.84,3.49,17:02:38,12.873599999999998
1900-01-01 17:02:39,8.95,1.44,0.85,3.48,17:02:39,12.887999999999998
1900-01-01 17:02:40,8.94,1.44,0.85,3.49,17:02:40,12.873599999999998
1900-01-01 17:02:41,8.95,1.44,0.85,3.49,17:02:41,12.887999999999998
1900-01-01 17:02:42,8.94,1.44,0.85,3.48,17:02:42,12.873599999999998
1900-01-01 17:02:43,8.94,1.44,0.85,3.49,17:02:43,12.873599999999998
1900-01-01 17:02:44,8.95,1.44,0.85,3.48,17:02:44,12.887999999999998
1900-01-01 17:02:45,8.95,1.44,0.85,3.48,17:02:45,12.887999999999998
1900-01-01 17:02:46,8.94,1.44,0.85,3.49,17:02:46,12.873599999999998
1900-01-01 17:02:47,8.94,1.44,0.85,3.48,17:02:47,12.873599999999998
1900-01-01 17:02:48,8.95,1.44,0.85,3.48,17:02:48,12.887999999999998
1900-01-01 17:02:49,8.94,1.44,0.85,3.49,17:02:49,12.873599999999998
1900-01-01 17:02:50,8.94,1.44,0.85,3.49,17:02:50,12.873599999999998
1900-01-01 17:02:51,8.93,1.44,0.85,3.49,17:02:51,12.8592
1900-01-01 17:02:52,8.95,1.44,0.85,3.48,17:02:52,12.887999999999998
1900-01-01 17:02:53,8.95,1.44,0.84,3.49,17:02:53,12.887999999999998
1900-01-01 17:02:54,8.95,1.44,0.85,3.48,17:02:54,12.887999999999998
1900-01-01 17:02:55,8.95,1.44,0.85,3.48,17:02:55,12.887999999999998
1900-01-01 17:02:56,8.95,1.44,0.85,3.49,17:02:56,12.887999999999998
1900-01-01 17:02:57,8.95,1.43,0.85,3.48,17:02:57,12.798499999999999
1900-01-01 17:02:58,8.95,1.44,0.85,3.48,17:02:58,12.887999999999998
1900-01-01 17:02:59,8.94,1.44,0.85,3.48,17:02:59,12.873599999999998
1900-01-01 17:03:00,8.96,1.44,0.85,3.48,17:03:00,12.9024
1900-01-01 17:03:01,8.96,1.44,0.85,3.48,17:03:01,12.9024
1900-01-01 17:03:02,8.95,1.44,0.85,3.49,17:03:02,12.887999999999998
1900-01-01 17:03:03,8.94,1.44,0.85,3.49,17:03:03,12.873599999999998
1900-01-01 17:03:04,8.95,1.44,0.85,3.48,17:03:04,12.887999999999998
1900-01-01 17:03:05,8.95,1.44,0.85,3.48,17:03:05,12.887999999999998
1900-01-01 17:03:06,8.94,1.44,0.85,3.49,17:03:06,12.873599999999998
1900-01-01 17:03:07,8.94,1.44,0.85,3.49,17:03:07,12.873599999999998
1900-01-01 17:03:08,8.93,1.44,0.85,3.49,17:03:08,12.8592
1900-01-01 17:03:09,8.95,1.43,0.85,3.49,17:03:09,12.798499999999999
1900-01-01 17:03:10,8.94,1.44,0.85,3.48,17:03:10,12.873599999999998
1900-01-01 17:03:11,8.94,1.44,0.85,3.48,17:03:11,12.873599999999998
1900-01-01 17:03:12,8.94,1.44,0.85,3.48,17:03:12,12.873599999999998
1900-01-01 17:03:13,8.94,1.44,0.85,3.49,17:03:13,12.873599999999998
1900-01-01 17:03:14,8.94,1.44,0.85,3.49,17:03:14,12.873599999999998
1900-01-01 17:03:15,8.94,1.44,0.85,3.48,17:03:15,12.873599999999998
1900-01-01 17:03:16,8.95,1.44,0.85,3.49,17:03:16,12.887999999999998
1900-01-01 17:03:17,8.95,1.44,0.85,3.49,17:03:17,12.887999999999998
1900-01-01 17:03:18,8.94,1.44,0.85,3.48,17:03:18,12.873599999999998
1900-01-01 17:03:19,8.94,1.44,0.85,3.48,17:03:19,12.873599999999998
1900-01-01 17:03:20,8.95,1.44,0.85,3.49,17:03:20,12.887999999999998
1900-01-01 17:03:21,8.95,1.44,0.85,3.48,17:03:21,12.887999999999998
1900-01-01 17:03:22,8.94,1.44,0.85,3.49,17:03:22,12.873599999999998
1900-01-01 17:03:23,8.95,1.44,0.85,3.49,17:03:23,12.887999999999998
1900-01-01 17:03:24,8.95,1.44,0.85,3.48,17:03:24,12.887999999999998
1900-01-01 17:03:25,8.94,1.44,0.85,3.48,17:03:25,12.873599999999998
1900-01-01 17:03:26,8.95,1.44,0.85,3.48,17:03:26,12.887999999999998
1900-01-01 17:03:27,8.94,1.44,0.85,3.49,17:03:27,12.873599999999998
1900-01-01 17:03:28,8.95,1.43,0.85,3.48,17:03:28,12.798499999999999
1900-01-01 17:03:29,8.94,1.44,0.85,3.48,17:03:29,12.873599999999998
1900-01-01 17:03:30,8.95,1.44,0.85,3.48,17:03:30,12.887999999999998
1900-01-01 17:03:31,8.94,1.44,0.84,3.48,17:03:31,12.873599999999998
1900-01-01 17:03:32,8.94,1.44,0.85,3.48,17:03:32,12.873599999999998
1900-01-01 17:03:33,8.95,1.44,0.85,3.48,17:03:33,12.887999999999998
1900-01-01 17:03:34,8.93,1.44,0.85,3.49,17:03:34,12.8592
1900-01-01 17:03:35,8.94,1.44,0.85,3.49,17:03:35,12.873599999999998
1900-01-01 17:03:36,8.94,1.44,0.85,3.49,17:03:36,12.873599999999998
1900-01-01 17:03:37,8.95,1.44,0.85,3.48,17:03:37,12.887999999999998
1900-01-01 17:03:38,8.95,1.44,0.85,3.49,17:03:38,12.887999999999998
1900-01-01 17:03:39,8.95,1.44,0.85,3.49,17:03:39,12.887999999999998
1900-01-01 17:03:40,8.95,1.44,0.85,3.49,17:03:40,12.887999999999998
1900-01-01 17:03:41,8.94,1.44,0.85,3.48,17:03:41,12.873599999999998
1900-01-01 17:03:42,8.93,1.44,0.85,3.49,17:03:42,12.8592
1900-01-01 17:03:43,8.94,1.44,0.85,3.49,17:03:43,12.873599999999998
1900-01-01 17:03:44,8.95,1.44,0.85,3.49,17:03:44,12.887999999999998
1900-01-01 17:03:45,8.95,1.44,0.85,3.49,17:03:45,12.887999999999998
1900-01-01 17:03:46,8.95,1.44,0.85,3.49,17:03:46,12.887999999999998
1900-01-01 17:03:47,8.94,1.44,0.85,3.48,17:03:47,12.873599999999998
1900-01-01 17:03:48,8.94,1.44,0.85,3.49,17:03:48,12.873599999999998
1900-01-01 17:03:49,8.95,1.44,0.85,3.49,17:03:49,12.887999999999998
1900-01-01 17:03:50,8.94,1.44,0.84,3.48,17:03:50,12.873599999999998
1900-01-01 17:03:51,8.95,1.44,0.84,3.49,17:03:51,12.887999999999998
1900-01-01 17:03:52,8.95,1.44,0.85,3.49,17:03:52,12.887999999999998
1900-01-01 17:03:53,8.94,1.44,0.85,3.48,17:03:53,12.873599999999998
1900-01-01 17:03:54,8.94,1.44,0.85,3.48,17:03:54,12.873599999999998
1900-01-01 17:03:55,8.94,1.44,0.85,3.49,17:03:55,12.873599999999998
1900-01-01 17:03:56,8.94,1.44,0.85,3.48,17:03:56,12.873599999999998
1900-01-01 17:03:57,8.94,1.44,0.85,3.49,17:03:57,12.873599999999998
1900-01-01 17:03:58,8.95,1.44,0.85,3.48,17:03:58,12.887999999999998
1900-01-01 17:03:59,8.94,1.44,0.85,3.48,17:03:59,12.873599999999998
1900-01-01 17:04:00,8.94,1.44,0.85,3.49,17:04:00,12.873599999999998
1900-01-01 17:04:01,8.94,1.44,0.85,3.48,17:04:01,12.873599999999998
1900-01-01 17:04:02,8.94,1.44,0.85,3.48,17:04:02,12.873599999999998
1900-01-01 17:04:03,8.94,1.44,0.85,3.48,17:04:03,12.873599999999998
1900-01-01 17:04:04,8.94,1.44,0.84,3.49,17:04:04,12.873599999999998
1900-01-01 17:04:05,8.94,1.44,0.85,3.48,17:04:05,12.873599999999998
1900-01-01 17:04:06,8.95,1.44,0.85,3.49,17:04:06,12.887999999999998
1900-01-01 17:04:07,8.95,1.44,0.85,3.48,17:04:07,12.887999999999998
1900-01-01 17:04:08,8.95,1.44,0.85,3.49,17:04:08,12.887999999999998
1900-01-01 17:04:09,8.95,1.44,0.85,3.49,17:04:09,12.887999999999998
1900-01-01 17:04:10,8.94,1.44,0.85,3.48,17:04:10,12.873599999999998
1900-01-01 17:04:11,8.95,1.44,0.85,3.49,17:04:11,12.887999999999998
1900-01-01 17:04:12,8.95,1.44,0.85,3.48,17:04:12,12.887999999999998
1900-01-01 17:04:13,8.95,1.44,0.85,3.48,17:04:13,12.887999999999998
1900-01-01 17:04:14,8.94,1.44,0.85,3.48,17:04:14,12.873599999999998
1900-01-01 17:04:15,8.94,1.44,0.84,3.48,17:04:15,12.873599999999998
1900-01-01 17:04:16,8.94,1.44,0.85,3.49,17:04:16,12.873599999999998
1900-01-01 17:04:17,8.95,1.44,0.85,3.48,17:04:17,12.887999999999998
1900-01-01 17:04:18,8.95,1.44,0.85,3.49,17:04:18,12.887999999999998
1900-01-01 17:04:19,8.95,1.44,0.85,3.49,17:04:19,12.887999999999998
1900-01-01 17:04:20,8.95,1.44,0.85,3.49,17:04:20,12.887999999999998
1900-01-01 17:04:21,8.95,1.44,0.85,3.48,17:04:21,12.887999999999998
1900-01-01 17:04:22,8.95,1.44,0.85,3.49,17:04:22,12.887999999999998
1900-01-01 17:04:23,8.95,1.44,0.85,3.48,17:04:23,12.887999999999998
1900-01-01 17:04:24,8.94,1.44,0.85,3.49,17:04:24,12.873599999999998
1900-01-01 17:04:25,8.95,1.44,0.84,3.48,17:04:25,12.887999999999998
1900-01-01 17:04:26,8.95,1.44,0.85,3.48,17:04:26,12.887999999999998
1900-01-01 17:04:27,8.94,1.44,0.84,3.48,17:04:27,12.873599999999998
1900-01-01 17:04:28,8.94,1.44,0.85,3.49,17:04:28,12.873599999999998
1900-01-01 17:04:29,8.94,1.44,0.85,3.48,17:04:29,12.873599999999998
1900-01-01 17:04:30,8.94,1.44,0.84,3.49,17:04:30,12.873599999999998
1900-01-01 17:04:31,8.95,1.44,0.85,3.48,17:04:31,12.887999999999998
1900-01-01 17:04:32,8.94,1.44,0.85,3.49,17:04:32,12.873599999999998
1900-01-01 17:04:33,8.95,1.44,0.85,3.48,17:04:33,12.887999999999998
1900-01-01 17:04:34,8.94,1.44,0.85,3.49,17:04:34,12.873599999999998
1900-01-01 17:04:35,8.95,1.44,0.85,3.48,17:04:35,12.887999999999998
1900-01-01 17:04:36,8.95,1.44,0.85,3.49,17:04:36,12.887999999999998
1900-01-01 17:04:37,8.95,1.44,0.85,3.49,17:04:37,12.887999999999998
1900-01-01 17:04:38,8.95,1.44,0.85,3.48,17:04:38,12.887999999999998
1900-01-01 17:04:39,8.95,1.44,0.85,3.48,17:04:39,12.887999999999998
1900-01-01 17:04:40,8.94,1.44,0.85,3.48,17:04:40,12.873599999999998
1900-01-01 17:04:41,8.96,1.44,0.85,3.48,17:04:41,12.9024
1900-01-01 17:04:42,8.95,1.44,0.84,3.49,17:04:42,12.887999999999998
1900-01-01 17:04:43,8.95,1.44,0.85,3.49,17:04:43,12.887999999999998
1900-01-01 17:04:44,8.95,1.44,0.84,3.48,17:04:44,12.887999999999998
1900-01-01 17:04:45,8.95,1.44,0.85,3.48,17:04:45,12.887999999999998
1900-01-01 17:04:46,8.96,1.44,0.85,3.48,17:04:46,12.9024
1900-01-01 17:04:47,8.95,1.44,0.85,3.48,17:04:47,12.887999999999998
1900-01-01 17:04:48,8.95,1.44,0.85,3.49,17:04:48,12.887999999999998
1900-01-01 17:04:49,8.95,1.44,0.85,3.48,17:04:49,12.887999999999998
1900-01-01 17:04:50,8.95,1.44,0.85,3.49,17:04:50,12.887999999999998
1900-01-01 17:04:51,8.95,1.44,0.85,3.49,17:04:51,12.887999999999998
1900-01-01 17:04:52,8.94,1.44,0.85,3.48,17:04:52,12.873599999999998
1900-01-01 17:04:53,8.95,1.44,0.85,3.49,17:04:53,12.887999999999998
1900-01-01 17:04:54,8.95,1.44,0.85,3.48,17:04:54,12.887999999999998
1900-01-01 17:04:55,8.95,1.44,0.85,3.48,17:04:55,12.887999999999998
1900-01-01 17:04:56,8.94,1.44,0.85,3.49,17:04:56,12.873599999999998
1900-01-01 17:04:57,8.96,1.44,0.85,3.49,17:04:57,12.9024
1900-01-01 17:04:58,8.95,1.44,0.85,3.49,17:04:58,12.887999999999998
1900-01-01 17:04:59,8.95,1.44,0.85,3.48,17:04:59,12.887999999999998
1900-01-01 17:05:00,8.94,1.44,0.85,3.48,17:05:00,12.873599999999998
1900-01-01 17:05:01,8.95,1.44,0.85,3.49,17:05:01,12.887999999999998
1900-01-01 17:05:02,8.95,1.44,0.85,3.49,17:05:02,12.887999999999998
1900-01-01 17:05:03,8.95,1.44,0.85,3.49,17:05:03,12.887999999999998
1900-01-01 17:05:04,8.95,1.44,0.84,3.49,17:05:04,12.887999999999998
1900-01-01 17:05:05,8.95,1.44,0.85,3.48,17:05:05,12.887999999999998
1900-01-01 17:05:06,8.96,1.43,0.85,3.48,17:05:06,12.812800000000001
1900-01-01 17:05:07,8.95,1.44,0.84,3.49,17:05:07,12.887999999999998
1900-01-01 17:05:08,8.95,1.44,0.85,3.49,17:05:08,12.887999999999998
1900-01-01 17:05:09,8.94,1.44,0.85,3.49,17:05:09,12.873599999999998
1900-01-01 17:05:10,8.95,1.44,0.85,3.48,17:05:10,12.887999999999998
1900-01-01 17:05:11,8.95,1.44,0.85,3.48,17:05:11,12.887999999999998
1900-01-01 17:05:12,8.96,1.44,0.85,3.48,17:05:12,12.9024
1900-01-01 17:05:13,8.95,1.44,0.85,3.49,17:05:13,12.887999999999998
1900-01-01 17:05:14,8.95,1.44,0.85,3.48,17:05:14,12.887999999999998
1900-01-01 17:05:15,8.96,1.44,0.85,3.49,17:05:15,12.9024
1900-01-01 17:05:16,8.95,1.44,0.85,3.48,17:05:16,12.887999999999998
1900-01-01 17:05:17,8.95,1.44,0.85,3.48,17:05:17,12.887999999999998
1900-01-01 17:05:18,8.95,1.44,0.84,3.49,17:05:18,12.887999999999998
1900-01-01 17:05:19,8.95,1.44,0.85,3.49,17:05:19,12.887999999999998
1900-01-01 17:05:20,8.95,1.44,0.85,3.49,17:05:20,12.887999999999998
1900-01-01 17:05:21,8.95,1.44,0.85,3.49,17:05:21,12.887999999999998
1900-01-01 17:05:22,8.95,1.44,0.85,3.49,17:05:22,12.887999999999998
1900-01-01 17:05:23,8.95,1.44,0.85,3.49,17:05:23,12.887999999999998
1900-01-01 17:05:24,8.94,1.44,0.85,3.49,17:05:24,12.873599999999998
1900-01-01 17:05:25,8.95,1.44,0.85,3.48,17:05:25,12.887999999999998
1900-01-01 17:05:26,8.95,1.43,0.85,3.49,17:05:26,12.798499999999999
1900-01-01 17:05:27,8.94,1.44,0.85,3.49,17:05:27,12.873599999999998
1900-01-01 17:05:28,8.95,1.44,0.85,3.49,17:05:28,12.887999999999998
1900-01-01 17:05:29,8.95,1.44,0.85,3.48,17:05:29,12.887999999999998
1900-01-01 17:05:30,8.95,1.44,0.85,3.48,17:05:30,12.887999999999998
1900-01-01 17:05:31,8.95,1.44,0.85,3.48,17:05:31,12.887999999999998
1900-01-01 17:05:32,8.95,1.44,0.85,3.49,17:05:32,12.887999999999998
1900-01-01 17:05:33,8.95,1.44,0.85,3.49,17:05:33,12.887999999999998
1900-01-01 17:05:34,8.94,1.44,0.85,3.48,17:05:34,12.873599999999998
1900-01-01 17:05:35,8.94,1.44,0.85,3.49,17:05:35,12.873599999999998
1900-01-01 17:05:36,8.94,1.44,0.85,3.49,17:05:36,12.873599999999998
1900-01-01 17:05:37,8.94,1.44,0.85,3.48,17:05:37,12.873599999999998
1900-01-01 17:05:38,8.95,1.44,0.85,3.49,17:05:38,12.887999999999998
1900-01-01 17:05:39,8.95,1.44,0.85,3.49,17:05:39,12.887999999999998
1900-01-01 17:05:40,8.94,1.44,0.85,3.48,17:05:40,12.873599999999998
1900-01-01 17:05:41,8.95,1.44,0.85,3.48,17:05:41,12.887999999999998
1900-01-01 17:05:42,8.94,1.44,0.85,3.48,17:05:42,12.873599999999998
1900-01-01 17:05:43,8.94,1.44,0.85,3.48,17:05:43,12.873599999999998
1900-01-01 17:05:44,8.95,1.44,0.84,3.49,17:05:44,12.887999999999998
1900-01-01 17:05:45,8.95,1.43,0.85,3.48,17:05:45,12.798499999999999
1900-01-01 17:05:46,8.95,1.44,0.85,3.49,17:05:46,12.887999999999998
1900-01-01 17:05:47,8.95,1.44,0.85,3.48,17:05:47,12.887999999999998
1900-01-01 17:05:48,8.95,1.44,0.85,3.48,17:05:48,12.887999999999998
1900-01-01 17:05:49,8.95,1.44,0.85,3.49,17:05:49,12.887999999999998
1900-01-01 17:05:50,8.95,1.44,0.85,3.49,17:05:50,12.887999999999998
1900-01-01 17:05:51,8.94,1.44,0.85,3.49,17:05:51,12.873599999999998
1900-01-01 17:05:52,8.94,1.44,0.85,3.48,17:05:52,12.873599999999998
1900-01-01 17:05:53,8.95,1.44,0.85,3.49,17:05:53,12.887999999999998
1900-01-01 17:05:54,8.95,1.44,0.85,3.48,17:05:54,12.887999999999998
1900-01-01 17:05:55,8.95,1.44,0.85,3.48,17:05:55,12.887999999999998
1900-01-01 17:05:56,8.95,1.44,0.85,3.49,17:05:56,12.887999999999998
1900-01-01 17:05:57,8.94,1.44,0.85,3.49,17:05:57,12.873599999999998
1900-01-01 17:05:58,8.95,1.44,0.84,3.48,17:05:58,12.887999999999998
1900-01-01 17:05:59,8.95,1.44,0.85,3.48,17:05:59,12.887999999999998
1900-01-01 17:06:00,8.94,1.44,0.85,3.48,17:06:00,12.873599999999998
1900-01-01 17:06:01,8.94,1.44,0.85,3.49,17:06:01,12.873599999999998
1900-01-01 17:06:02,8.95,1.44,0.85,3.48,17:06:02,12.887999999999998
1900-01-01 17:06:03,8.95,1.44,0.85,3.49,17:06:03,12.887999999999998
1900-01-01 17:06:04,8.94,1.44,0.85,3.48,17:06:04,12.873599999999998
1900-01-01 17:06:05,8.94,1.44,0.85,3.49,17:06:05,12.873599999999998
1900-01-01 17:06:06,8.95,1.44,0.84,3.48,17:06:06,12.887999999999998
1900-01-01 17:06:07,8.94,1.44,0.85,3.49,17:06:07,12.873599999999998
1900-01-01 17:06:08,8.94,1.44,0.85,3.49,17:06:08,12.873599999999998
1900-01-01 17:06:09,8.94,1.43,0.85,3.49,17:06:09,12.784199999999998
1900-01-01 17:06:10,8.94,1.44,0.85,3.49,17:06:10,12.873599999999998
1900-01-01 17:06:11,8.94,1.44,0.85,3.49,17:06:11,12.873599999999998
1900-01-01 17:06:12,8.94,1.44,0.85,3.48,17:06:12,12.873599999999998
1900-01-01 17:06:13,8.95,1.44,0.85,3.48,17:06:13,12.887999999999998
1900-01-01 17:06:14,8.94,1.44,0.85,3.49,17:06:14,12.873599999999998
1900-01-01 17:06:15,8.94,1.44,0.85,3.49,17:06:15,12.873599999999998
1900-01-01 17:06:16,8.95,1.43,0.85,3.49,17:06:16,12.798499999999999
1900-01-01 17:06:17,8.95,1.44,0.85,3.49,17:06:17,12.887999999999998
1900-01-01 17:06:18,8.94,1.44,0.85,3.49,17:06:18,12.873599999999998
1900-01-01 17:06:19,8.94,1.44,0.85,3.48,17:06:19,12.873599999999998
1900-01-01 17:06:20,8.95,1.44,0.85,3.48,17:06:20,12.887999999999998
1900-01-01 17:06:21,8.95,1.44,0.85,3.49,17:06:21,12.887999999999998
1900-01-01 17:06:22,8.94,1.44,0.84,3.49,17:06:22,12.873599999999998
1900-01-01 17:06:23,8.95,1.44,0.85,3.49,17:06:23,12.887999999999998
1900-01-01 17:06:24,8.96,1.44,0.85,3.48,17:06:24,12.9024
1900-01-01 17:06:25,8.95,1.44,0.85,3.49,17:06:25,12.887999999999998
1900-01-01 17:06:26,8.94,1.44,0.85,3.49,17:06:26,12.873599999999998
1900-01-01 17:06:27,8.94,1.44,0.85,3.48,17:06:27,12.873599999999998
1900-01-01 17:06:28,8.95,1.44,0.85,3.48,17:06:28,12.887999999999998
1900-01-01 17:06:29,8.94,1.44,0.85,3.49,17:06:29,12.873599999999998
1900-01-01 17:06:30,8.95,1.44,0.84,3.49,17:06:30,12.887999999999998
1900-01-01 17:06:31,8.95,1.44,0.85,3.49,17:06:31,12.887999999999998
1900-01-01 17:06:32,8.95,1.44,0.85,3.49,17:06:32,12.887999999999998
1900-01-01 17:06:33,8.95,1.44,0.85,3.48,17:06:33,12.887999999999998
1900-01-01 17:06:34,8.95,1.44,0.85,3.48,17:06:34,12.887999999999998
1900-01-01 17:06:35,8.95,1.44,0.85,3.48,17:06:35,12.887999999999998
1900-01-01 17:06:36,8.95,1.44,0.85,3.49,17:06:36,12.887999999999998
1900-01-01 17:06:37,8.95,1.44,0.85,3.48,17:06:37,12.887999999999998
1900-01-01 17:06:38,8.95,1.44,0.85,3.49,17:06:38,12.887999999999998
1900-01-01 17:06:39,8.94,1.44,0.85,3.49,17:06:39,12.873599999999998
1900-01-01 17:06:40,8.95,1.44,0.85,3.48,17:06:40,12.887999999999998
1900-01-01 17:06:41,8.95,1.44,0.85,3.49,17:06:41,12.887999999999998
1900-01-01 17:06:42,8.94,1.44,0.84,3.49,17:06:42,12.873599999999998
1900-01-01 17:06:43,8.95,1.44,0.85,3.48,17:06:43,12.887999999999998
1900-01-01 17:06:44,8.95,1.44,0.85,3.48,17:06:44,12.887999999999998
1900-01-01 17:06:45,8.94,1.44,0.85,3.49,17:06:45,12.873599999999998
1900-01-01 17:06:46,8.95,1.44,0.85,3.49,17:06:46,12.887999999999998
1900-01-01 17:06:47,8.95,1.44,0.85,3.49,17:06:47,12.887999999999998
1900-01-01 17:06:48,8.95,1.44,0.85,3.48,17:06:48,12.887999999999998
1900-01-01 17:06:49,8.95,1.44,0.85,3.49,17:06:49,12.887999999999998
1900-01-01 17:06:50,8.95,1.44,0.85,3.48,17:06:50,12.887999999999998
1900-01-01 17:06:51,8.95,1.44,0.85,3.48,17:06:51,12.887999999999998
1900-01-01 17:06:52,8.94,1.44,0.85,3.48,17:06:52,12.873599999999998
1900-01-01 17:06:53,8.95,1.44,0.85,3.49,17:06:53,12.887999999999998
1900-01-01 17:06:54,8.94,1.44,0.85,3.49,17:06:54,12.873599999999998
1900-01-01 17:06:55,8.95,1.44,0.85,3.48,17:06:55,12.887999999999998
1900-01-01 17:06:56,8.95,1.44,0.85,3.49,17:06:56,12.887999999999998
1900-01-01 17:06:57,8.93,1.44,0.85,3.48,17:06:57,12.8592
1900-01-01 17:06:58,8.94,1.44,0.85,3.48,17:06:58,12.873599999999998
1900-01-01 17:06:59,8.95,1.44,0.85,3.49,17:06:59,12.887999999999998
1900-01-01 17:07:00,8.94,1.44,0.84,3.48,17:07:00,12.873599999999998
1900-01-01 17:07:01,8.95,1.44,0.85,3.49,17:07:01,12.887999999999998
1900-01-01 17:07:02,8.94,1.44,0.85,3.49,17:07:02,12.873599999999998
1900-01-01 17:07:03,8.95,1.44,0.84,3.49,17:07:03,12.887999999999998
1900-01-01 17:07:04,8.95,1.44,0.85,3.48,17:07:04,12.887999999999998
1900-01-01 17:07:05,8.95,1.44,0.85,3.49,17:07:05,12.887999999999998
1900-01-01 17:07:06,8.94,1.44,0.85,3.49,17:07:06,12.873599999999998
1900-01-01 17:07:07,8.95,1.44,0.85,3.49,17:07:07,12.887999999999998
1900-01-01 17:07:08,8.96,1.44,0.85,3.48,17:07:08,12.9024
1900-01-01 17:07:09,8.96,1.44,0.85,3.48,17:07:09,12.9024
1900-01-01 17:07:10,8.95,1.44,0.85,3.49,17:07:10,12.887999999999998
1900-01-01 17:07:11,8.95,1.44,0.84,3.49,17:07:11,12.887999999999998
1900-01-01 17:07:12,8.95,1.44,0.85,3.49,17:07:12,12.887999999999998
1900-01-01 17:07:13,8.95,1.44,0.85,3.49,17:07:13,12.887999999999998
1900-01-01 17:07:14,8.94,1.44,0.85,3.48,17:07:14,12.873599999999998
1900-01-01 17:07:15,8.95,1.44,0.85,3.48,17:07:15,12.887999999999998
1900-01-01 17:07:16,8.95,1.44,0.85,3.49,17:07:16,12.887999999999998
1900-01-01 17:07:17,8.96,1.44,0.85,3.48,17:07:17,12.9024
1900-01-01 17:07:18,8.94,1.44,0.85,3.49,17:07:18,12.873599999999998
1900-01-01 17:07:19,8.95,1.44,0.85,3.49,17:07:19,12.887999999999998
1900-01-01 17:07:20,8.95,1.44,0.85,3.49,17:07:20,12.887999999999998
1900-01-01 17:07:21,8.96,1.44,0.84,3.49,17:07:21,12.9024
1900-01-01 17:07:22,8.94,1.44,0.85,3.49,17:07:22,12.873599999999998
1900-01-01 17:07:23,8.95,1.44,0.85,3.48,17:07:23,12.887999999999998
1900-01-01 17:07:24,8.95,1.44,0.85,3.49,17:07:24,12.887999999999998
1900-01-01 17:07:25,8.95,1.44,0.85,3.49,17:07:25,12.887999999999998
1900-01-01 17:07:26,8.95,1.44,0.85,3.49,17:07:26,12.887999999999998
1900-01-01 17:07:27,8.94,1.44,0.85,3.49,17:07:27,12.873599999999998
1900-01-01 17:07:28,8.94,1.44,0.85,3.49,17:07:28,12.873599999999998
1900-01-01 17:07:29,8.95,1.44,0.84,3.48,17:07:29,12.887999999999998
1900-01-01 17:07:30,8.94,1.44,0.84,3.49,17:07:30,12.873599999999998
1900-01-01 17:07:31,8.94,1.44,0.84,3.49,17:07:31,12.873599999999998
1900-01-01 17:07:32,8.95,1.44,0.85,3.49,17:07:32,12.887999999999998
1900-01-01 17:07:33,8.95,1.44,0.85,3.49,17:07:33,12.887999999999998
1900-01-01 17:07:34,8.95,1.44,0.85,3.49,17:07:34,12.887999999999998
1900-01-01 17:07:35,8.95,1.44,0.85,3.48,17:07:35,12.887999999999998
1900-01-01 17:07:36,8.94,1.44,0.85,3.48,17:07:36,12.873599999999998
1900-01-01 17:07:37,8.94,1.44,0.85,3.48,17:07:37,12.873599999999998
1900-01-01 17:07:38,8.95,1.44,0.85,3.48,17:07:38,12.887999999999998
1900-01-01 17:07:39,8.94,1.44,0.85,3.48,17:07:39,12.873599999999998
1900-01-01 17:07:40,8.94,1.44,0.85,3.48,17:07:40,12.873599999999998
1900-01-01 17:07:41,8.94,1.44,0.85,3.49,17:07:41,12.873599999999998
1900-01-01 17:07:42,8.94,1.44,0.85,3.49,17:07:42,12.873599999999998
1900-01-01 17:07:43,8.94,1.44,0.85,3.49,17:07:43,12.873599999999998
1900-01-01 17:07:44,8.95,1.44,0.85,3.49,17:07:44,12.887999999999998
1900-01-01 17:07:45,8.95,1.44,0.85,3.49,17:07:45,12.887999999999998
1900-01-01 17:07:46,8.94,1.44,0.85,3.48,17:07:46,12.873599999999998
1900-01-01 17:07:47,8.94,1.44,0.85,3.49,17:07:47,12.873599999999998
1900-01-01 17:07:48,8.94,1.44,0.85,3.49,17:07:48,12.873599999999998
1900-01-01 17:07:49,8.95,1.44,0.85,3.48,17:07:49,12.887999999999998
1900-01-01 17:07:50,8.95,1.44,0.84,3.49,17:07:50,12.887999999999998
1900-01-01 17:07:51,8.95,1.44,0.84,3.49,17:07:51,12.887999999999998
1900-01-01 17:07:52,8.95,1.44,0.85,3.48,17:07:52,12.887999999999998
1900-01-01 17:07:53,8.95,1.44,0.85,3.48,17:07:53,12.887999999999998
1900-01-01 17:07:54,8.94,1.44,0.85,3.48,17:07:54,12.873599999999998
1900-01-01 17:07:55,8.95,1.44,0.85,3.49,17:07:55,12.887999999999998
1900-01-01 17:07:56,8.95,1.44,0.85,3.49,17:07:56,12.887999999999998
1900-01-01 17:07:57,8.94,1.44,0.84,3.49,17:07:57,12.873599999999998
1900-01-01 17:07:58,8.94,1.44,0.85,3.49,17:07:58,12.873599999999998
1900-01-01 17:07:59,8.94,1.44,0.85,3.49,17:07:59,12.873599999999998
1900-01-01 17:08:00,8.94,1.44,0.85,3.49,17:08:00,12.873599999999998
1900-01-01 17:08:01,8.94,1.44,0.84,3.49,17:08:01,12.873599999999998
1900-01-01 17:08:02,8.94,1.44,0.84,3.49,17:08:02,12.873599999999998
1900-01-01 17:08:03,8.94,1.44,0.85,3.48,17:08:03,12.873599999999998
1900-01-01 17:08:04,8.95,1.44,0.85,3.48,17:08:04,12.887999999999998
1900-01-01 17:08:05,8.95,1.44,0.85,3.48,17:08:05,12.887999999999998
1900-01-01 17:08:06,8.95,1.44,0.85,3.49,17:08:06,12.887999999999998
1900-01-01 17:08:07,8.94,1.44,0.84,3.49,17:08:07,12.873599999999998
1900-01-01 17:08:08,8.94,1.44,0.84,3.49,17:08:08,12.873599999999998
1900-01-01 17:08:09,8.95,1.44,0.85,3.49,17:08:09,12.887999999999998
1900-01-01 17:08:10,8.95,1.44,0.84,3.49,17:08:10,12.887999999999998
1900-01-01 17:08:11,8.95,1.44,0.84,3.49,17:08:11,12.887999999999998
1900-01-01 17:08:12,8.96,1.44,0.85,3.49,17:08:12,12.9024
1900-01-01 17:08:13,8.96,1.44,0.85,3.49,17:08:13,12.9024
1900-01-01 17:08:14,8.94,1.44,0.85,3.48,17:08:14,12.873599999999998
1900-01-01 17:08:15,8.95,1.44,0.85,3.49,17:08:15,12.887999999999998
1900-01-01 17:08:16,8.95,1.44,0.85,3.49,17:08:16,12.887999999999998
1900-01-01 17:08:17,8.94,1.44,0.85,3.49,17:08:17,12.873599999999998
1900-01-01 17:08:18,8.94,1.44,0.84,3.49,17:08:18,12.873599999999998
1900-01-01 17:08:19,8.94,1.44,0.84,3.49,17:08:19,12.873599999999998
1900-01-01 17:08:20,8.95,1.44,0.85,3.49,17:08:20,12.887999999999998
1900-01-01 17:08:21,8.94,1.44,0.85,3.48,17:08:21,12.873599999999998
1900-01-01 17:08:22,8.94,1.44,0.85,3.48,17:08:22,12.873599999999998
1900-01-01 17:08:23,8.94,1.44,0.85,3.49,17:08:23,12.873599999999998
1900-01-01 17:08:24,8.94,1.44,0.85,3.49,17:08:24,12.873599999999998
1900-01-01 17:08:25,8.95,1.44,0.84,3.49,17:08:25,12.887999999999998
1900-01-01 17:08:26,8.94,1.43,0.85,3.48,17:08:26,12.784199999999998
1900-01-01 17:08:27,8.94,1.43,0.85,3.48,17:08:27,12.784199999999998
1900-01-01 17:08:28,8.94,1.44,0.85,3.48,17:08:28,12.873599999999998
1900-01-01 17:08:29,8.94,1.44,0.85,3.48,17:08:29,12.873599999999998
1900-01-01 17:08:30,8.94,1.44,0.85,3.48,17:08:30,12.873599999999998
1900-01-01 17:08:31,8.95,1.44,0.85,3.49,17:08:31,12.887999999999998
1900-01-01 17:08:32,8.93,1.44,0.85,3.48,17:08:32,12.8592
1900-01-01 17:08:33,8.95,1.44,0.85,3.49,17:08:33,12.887999999999998
1900-01-01 17:08:34,8.95,1.44,0.85,3.48,17:08:34,12.887999999999998
1900-01-01 17:08:35,8.95,1.44,0.85,3.48,17:08:35,12.887999999999998
1900-01-01 17:08:36,8.95,1.44,0.85,3.49,17:08:36,12.887999999999998
1900-01-01 17:08:37,8.95,1.44,0.85,3.49,17:08:37,12.887999999999998
1900-01-01 17:08:38,8.95,1.44,0.85,3.49,17:08:38,12.887999999999998
1900-01-01 17:08:39,8.95,1.44,0.85,3.48,17:08:39,12.887999999999998
1900-01-01 17:08:40,8.96,1.44,0.84,3.49,17:08:40,12.9024
1900-01-01 17:08:41,8.95,1.44,0.84,3.49,17:08:41,12.887999999999998
1900-01-01 17:08:42,8.94,1.44,0.85,3.49,17:08:42,12.873599999999998
1900-01-01 17:08:43,8.96,1.44,0.85,3.49,17:08:43,12.9024
1900-01-01 17:08:44,8.95,1.44,0.85,3.49,17:08:44,12.887999999999998
1900-01-01 17:08:45,8.95,1.44,0.85,3.48,17:08:45,12.887999999999998
1900-01-01 17:08:46,8.95,1.44,0.85,3.48,17:08:46,12.887999999999998
1900-01-01 17:08:47,8.95,1.44,0.85,3.48,17:08:47,12.887999999999998
1900-01-01 17:08:48,8.95,1.44,0.85,3.48,17:08:48,12.887999999999998
1900-01-01 17:08:49,8.94,1.44,0.85,3.48,17:08:49,12.873599999999998
1900-01-01 17:08:50,8.94,1.44,0.84,3.49,17:08:50,12.873599999999998
1900-01-01 17:08:51,8.94,1.44,0.85,3.49,17:08:51,12.873599999999998
1900-01-01 17:08:52,8.94,1.44,0.85,3.48,17:08:52,12.873599999999998
1900-01-01 17:08:53,8.94,1.44,0.85,3.49,17:08:53,12.873599999999998
1900-01-01 17:08:54,8.95,1.44,0.85,3.49,17:08:54,12.887999999999998
1900-01-01 17:08:55,8.95,1.44,0.85,3.48,17:08:55,12.887999999999998
1900-01-01 17:08:56,8.95,1.44,0.85,3.49,17:08:56,12.887999999999998
1900-01-01 17:08:57,8.94,1.44,0.84,3.49,17:08:57,12.873599999999998
1900-01-01 17:08:58,8.95,1.43,0.85,3.49,17:08:58,12.798499999999999
1900-01-01 17:08:59,8.94,1.44,0.85,3.48,17:08:59,12.873599999999998
1900-01-01 17:09:00,8.95,1.44,0.85,3.48,17:09:00,12.887999999999998
1900-01-01 17:09:01,8.94,1.43,0.85,3.48,17:09:01,12.784199999999998
1900-01-01 17:09:02,8.94,1.44,0.85,3.49,17:09:02,12.873599999999998
1900-01-01 17:09:03,8.95,1.44,0.85,3.49,17:09:03,12.887999999999998
1900-01-01 17:09:04,8.95,1.44,0.85,3.49,17:09:04,12.887999999999998
1900-01-01 17:09:05,8.94,1.44,0.85,3.49,17:09:05,12.873599999999998
1900-01-01 17:09:06,8.94,1.44,0.85,3.49,17:09:06,12.873599999999998
1900-01-01 17:09:07,8.95,1.44,0.85,3.48,17:09:07,12.887999999999998
1900-01-01 17:09:08,8.94,1.44,0.85,3.48,17:09:08,12.873599999999998
1900-01-01 17:09:09,8.94,1.44,0.85,3.48,17:09:09,12.873599999999998
1900-01-01 17:09:10,8.94,1.44,0.85,3.49,17:09:10,12.873599999999998
1900-01-01 17:09:11,8.95,1.44,0.85,3.49,17:09:11,12.887999999999998
1900-01-01 17:09:12,8.95,1.43,0.85,3.49,17:09:12,12.798499999999999
1900-01-01 17:09:13,8.94,1.44,0.84,3.49,17:09:13,12.873599999999998
1900-01-01 17:09:14,8.95,1.44,0.85,3.49,17:09:14,12.887999999999998
1900-01-01 17:09:15,8.95,1.44,0.84,3.48,17:09:15,12.887999999999998
1900-01-01 17:09:16,8.95,1.44,0.85,3.49,17:09:16,12.887999999999998
1900-01-01 17:09:17,8.95,1.44,0.85,3.48,17:09:17,12.887999999999998
1900-01-01 17:09:18,8.94,1.44,0.85,3.48,17:09:18,12.873599999999998
1900-01-01 17:09:19,8.94,1.43,0.85,3.49,17:09:19,12.784199999999998
1900-01-01 17:09:20,8.93,1.44,0.85,3.49,17:09:20,12.8592
1900-01-01 17:09:21,8.95,1.44,0.85,3.48,17:09:21,12.887999999999998
1900-01-01 17:09:22,8.93,1.44,0.85,3.48,17:09:22,12.8592
1900-01-01 17:09:23,8.94,1.44,0.85,3.49,17:09:23,12.873599999999998
1900-01-01 17:09:24,8.95,1.44,0.85,3.49,17:09:24,12.887999999999998
1900-01-01 17:09:25,8.94,1.44,0.85,3.49,17:09:25,12.873599999999998
1900-01-01 17:09:26,8.94,1.44,0.85,3.49,17:09:26,12.873599999999998
1900-01-01 17:09:27,8.95,1.44,0.85,3.49,17:09:27,12.887999999999998
1900-01-01 17:09:28,8.95,1.44,0.85,3.48,17:09:28,12.887999999999998
1900-01-01 17:09:29,8.94,1.44,0.84,3.49,17:09:29,12.873599999999998
1900-01-01 17:09:30,8.95,1.44,0.85,3.49,17:09:30,12.887999999999998
1900-01-01 17:09:31,8.95,1.44,0.85,3.48,17:09:31,12.887999999999998
1900-01-01 17:09:32,8.95,1.44,0.84,3.49,17:09:32,12.887999999999998
1900-01-01 17:09:33,8.94,1.44,0.85,3.49,17:09:33,12.873599999999998
1900-01-01 17:09:34,8.94,1.44,0.85,3.49,17:09:34,12.873599999999998
1900-01-01 17:09:35,8.94,1.44,0.85,3.49,17:09:35,12.873599999999998
1900-01-01 17:09:36,8.94,1.44,0.85,3.48,17:09:36,12.873599999999998
1900-01-01 17:09:37,8.95,1.44,0.85,3.49,17:09:37,12.887999999999998
1900-01-01 17:09:38,8.94,1.44,0.85,3.49,17:09:38,12.873599999999998
1900-01-01 17:09:39,8.94,1.44,0.85,3.48,17:09:39,12.873599999999998
1900-01-01 17:09:40,8.95,1.44,0.85,3.48,17:09:40,12.887999999999998
1900-01-01 17:09:41,8.95,1.44,0.85,3.49,17:09:41,12.887999999999998
1900-01-01 17:09:42,8.94,1.44,0.85,3.48,17:09:42,12.873599999999998
1900-01-01 17:09:43,8.95,1.44,0.85,3.49,17:09:43,12.887999999999998
1900-01-01 17:09:44,8.95,1.44,0.85,3.48,17:09:44,12.887999999999998
1900-01-01 17:09:45,8.95,1.44,0.85,3.48,17:09:45,12.887999999999998
1900-01-01 17:09:46,8.94,1.44,0.84,3.49,17:09:46,12.873599999999998
1900-01-01 17:09:47,8.95,1.44,0.85,3.49,17:09:47,12.887999999999998
1900-01-01 17:09:48,8.95,1.44,0.85,3.48,17:09:48,12.887999999999998
1900-01-01 17:09:49,8.95,1.44,0.85,3.49,17:09:49,12.887999999999998
1900-01-01 17:09:50,8.94,1.44,0.85,3.49,17:09:50,12.873599999999998
1900-01-01 17:09:51,8.95,1.44,0.85,3.49,17:09:51,12.887999999999998
1900-01-01 17:09:52,8.95,1.44,0.85,3.49,17:09:52,12.887999999999998
1900-01-01 17:09:53,8.95,1.44,0.85,3.48,17:09:53,12.887999999999998
1900-01-01 17:09:54,8.93,1.44,0.85,3.49,17:09:54,12.8592
1900-01-01 17:09:55,8.95,1.44,0.85,3.48,17:09:55,12.887999999999998
1900-01-01 17:09:56,8.95,1.44,0.85,3.48,17:09:56,12.887999999999998
1900-01-01 17:09:57,8.95,1.44,0.85,3.48,17:09:57,12.887999999999998
1900-01-01 17:09:58,8.95,1.44,0.85,3.48,17:09:58,12.887999999999998
1900-01-01 17:09:59,8.95,1.44,0.85,3.48,17:09:59,12.887999999999998
1900-01-01 17:10:00,8.94,1.44,0.85,3.48,17:10:00,12.873599999999998
1900-01-01 17:10:01,8.94,1.44,0.85,3.49,17:10:01,12.873599999999998
1900-01-01 17:10:02,8.95,1.44,0.85,3.49,17:10:02,12.887999999999998
1900-01-01 17:10:03,8.95,1.44,0.85,3.48,17:10:03,12.887999999999998
1900-01-01 17:10:04,8.95,1.44,0.85,3.48,17:10:04,12.887999999999998
1900-01-01 17:10:05,8.95,1.44,0.85,3.48,17:10:05,12.887999999999998
1900-01-01 17:10:06,8.95,1.44,0.84,3.49,17:10:06,12.887999999999998
1900-01-01 17:10:07,8.95,1.44,0.84,3.49,17:10:07,12.887999999999998
1900-01-01 17:10:08,8.95,1.44,0.85,3.49,17:10:08,12.887999999999998
1900-01-01 17:10:09,8.94,1.44,0.85,3.49,17:10:09,12.873599999999998
1900-01-01 17:10:10,8.95,1.44,0.85,3.48,17:10:10,12.887999999999998
1900-01-01 17:10:11,8.94,1.44,0.85,3.49,17:10:11,12.873599999999998
1900-01-01 17:10:12,8.95,1.44,0.85,3.49,17:10:12,12.887999999999998
1900-01-01 17:10:13,8.95,1.44,0.85,3.48,17:10:13,12.887999999999998
1900-01-01 17:10:14,8.95,1.44,0.85,3.49,17:10:14,12.887999999999998
1900-01-01 17:10:15,8.94,1.44,0.85,3.48,17:10:15,12.873599999999998
1900-01-01 17:10:16,8.95,1.43,0.85,3.49,17:10:16,12.798499999999999
1900-01-01 17:10:17,8.95,1.44,0.85,3.49,17:10:17,12.887999999999998
1900-01-01 17:10:18,8.94,1.44,0.84,3.49,17:10:18,12.873599999999998
1900-01-01 17:10:19,8.96,1.44,0.85,3.48,17:10:19,12.9024
1900-01-01 17:10:20,8.95,1.44,0.84,3.49,17:10:20,12.887999999999998
1900-01-01 17:10:21,8.96,1.44,0.85,3.48,17:10:21,12.9024
1900-01-01 17:10:22,8.95,1.44,0.85,3.48,17:10:22,12.887999999999998
1900-01-01 17:10:23,8.95,1.44,0.85,3.49,17:10:23,12.887999999999998
1900-01-01 17:10:24,8.95,1.44,0.85,3.48,17:10:24,12.887999999999998
1900-01-01 17:10:25,8.95,1.44,0.85,3.49,17:10:25,12.887999999999998
1900-01-01 17:10:26,8.95,1.44,0.85,3.48,17:10:26,12.887999999999998
1900-01-01 17:10:27,8.94,1.44,0.85,3.48,17:10:27,12.873599999999998
1900-01-01 17:10:28,8.94,1.44,0.85,3.49,17:10:28,12.873599999999998
1900-01-01 17:10:29,8.95,1.44,0.85,3.49,17:10:29,12.887999999999998
1900-01-01 17:10:30,8.94,1.44,0.85,3.48,17:10:30,12.873599999999998
1900-01-01 17:10:31,8.95,1.44,0.85,3.48,17:10:31,12.887999999999998
1900-01-01 17:10:32,8.96,1.44,0.85,3.48,17:10:32,12.9024
1900-01-01 17:10:33,8.95,1.44,0.85,3.49,17:10:33,12.887999999999998
1900-01-01 17:10:34,8.94,1.44,0.85,3.49,17:10:34,12.873599999999998
1900-01-01 17:10:35,8.95,1.44,0.85,3.48,17:10:35,12.887999999999998
1900-01-01 17:10:36,8.94,1.44,0.85,3.48,17:10:36,12.873599999999998
1900-01-01 17:10:37,8.95,1.44,0.85,3.49,17:10:37,12.887999999999998
1900-01-01 17:10:38,8.95,1.44,0.85,3.49,17:10:38,12.887999999999998
1900-01-01 17:10:39,8.95,1.44,0.85,3.49,17:10:39,12.887999999999998
1900-01-01 17:10:40,8.95,1.44,0.85,3.49,17:10:40,12.887999999999998
1900-01-01 17:10:41,8.95,1.43,0.85,3.48,17:10:41,12.798499999999999
1900-01-01 17:10:42,8.95,1.44,0.85,3.49,17:10:42,12.887999999999998
1900-01-01 17:10:43,8.95,1.44,0.85,3.49,17:10:43,12.887999999999998
1900-01-01 17:10:44,8.95,1.44,0.85,3.48,17:10:44,12.887999999999998
1900-01-01 17:10:45,8.94,1.44,0.85,3.49,17:10:45,12.873599999999998
1900-01-01 17:10:46,8.95,1.44,0.85,3.48,17:10:46,12.887999999999998
1900-01-01 17:10:47,8.94,1.44,0.85,3.49,17:10:47,12.873599999999998
1900-01-01 17:10:48,8.95,1.44,0.85,3.48,17:10:48,12.887999999999998
1900-01-01 17:10:49,8.94,1.44,0.85,3.48,17:10:49,12.873599999999998
1900-01-01 17:10:50,8.95,1.44,0.85,3.48,17:10:50,12.887999999999998
1900-01-01 17:10:51,8.95,1.44,0.85,3.48,17:10:51,12.887999999999998
1900-01-01 17:10:52,8.95,1.44,0.85,3.49,17:10:52,12.887999999999998
1900-01-01 17:10:53,8.95,1.44,0.85,3.48,17:10:53,12.887999999999998
1900-01-01 17:10:54,8.95,1.44,0.85,3.48,17:10:54,12.887999999999998
1900-01-01 17:10:55,8.95,1.44,0.85,3.48,17:10:55,12.887999999999998
1900-01-01 17:10:56,8.95,1.44,0.85,3.48,17:10:56,12.887999999999998
1900-01-01 17:10:57,8.94,1.44,0.85,3.48,17:10:57,12.873599999999998
1900-01-01 17:10:58,8.95,1.44,0.85,3.49,17:10:58,12.887999999999998
1900-01-01 17:10:59,8.95,1.44,0.85,3.48,17:10:59,12.887999999999998
1900-01-01 17:11:00,8.95,1.44,0.85,3.48,17:11:00,12.887999999999998
1900-01-01 17:11:01,8.95,1.44,0.85,3.49,17:11:01,12.887999999999998
1900-01-01 17:11:02,8.95,1.44,0.85,3.49,17:11:02,12.887999999999998
1900-01-01 17:11:03,8.95,1.44,0.85,3.48,17:11:03,12.887999999999998
1900-01-01 17:11:04,8.95,1.44,0.85,3.49,17:11:04,12.887999999999998
1900-01-01 17:11:05,8.94,1.44,0.85,3.48,17:11:05,12.873599999999998
1900-01-01 17:11:06,8.95,1.44,0.85,3.49,17:11:06,12.887999999999998
1900-01-01 17:11:07,8.94,1.44,0.85,3.49,17:11:07,12.873599999999998
1900-01-01 17:11:08,8.94,1.44,0.85,3.49,17:11:08,12.873599999999998
1900-01-01 17:11:09,8.95,1.44,0.85,3.48,17:11:09,12.887999999999998
1900-01-01 17:11:10,8.95,1.44,0.85,3.49,17:11:10,12.887999999999998
1900-01-01 17:11:11,8.94,1.44,0.85,3.49,17:11:11,12.873599999999998
1900-01-01 17:11:12,8.94,1.44,0.85,3.49,17:11:12,12.873599999999998
1900-01-01 17:11:13,8.95,1.44,0.85,3.49,17:11:13,12.887999999999998
1900-01-01 17:11:14,8.94,1.44,0.85,3.48,17:11:14,12.873599999999998
1900-01-01 17:11:15,8.95,1.44,0.85,3.48,17:11:15,12.887999999999998
1900-01-01 17:11:16,8.95,1.44,0.84,3.48,17:11:16,12.887999999999998
1900-01-01 17:11:17,8.94,1.44,0.85,3.48,17:11:17,12.873599999999998
1900-01-01 17:11:18,8.95,1.44,0.84,3.49,17:11:18,12.887999999999998
1900-01-01 17:11:19,8.94,1.44,0.85,3.49,17:11:19,12.873599999999998
1900-01-01 17:11:20,8.94,1.44,0.85,3.48,17:11:20,12.873599999999998
1900-01-01 17:11:21,8.95,1.44,0.85,3.49,17:11:21,12.887999999999998
1900-01-01 17:11:22,8.95,1.44,0.85,3.49,17:11:22,12.887999999999998
1900-01-01 17:11:23,8.95,1.44,0.85,3.48,17:11:23,12.887999999999998
1900-01-01 17:11:24,8.95,1.44,0.85,3.49,17:11:24,12.887999999999998
1900-01-01 17:11:25,8.95,1.44,0.85,3.49,17:11:25,12.887999999999998
1900-01-01 17:11:26,8.95,1.44,0.85,3.49,17:11:26,12.887999999999998
1900-01-01 17:11:27,8.94,1.44,0.85,3.49,17:11:27,12.873599999999998
1900-01-01 17:11:28,8.95,1.44,0.84,3.49,17:11:28,12.887999999999998
1900-01-01 17:11:29,8.95,1.44,0.84,3.49,17:11:29,12.887999999999998
1900-01-01 17:11:30,8.94,1.44,0.85,3.49,17:11:30,12.873599999999998
1900-01-01 17:11:31,8.95,1.44,0.84,3.49,17:11:31,12.887999999999998
1900-01-01 17:11:32,8.96,1.44,0.85,3.49,17:11:32,12.9024
1900-01-01 17:11:33,8.95,1.44,0.84,3.48,17:11:33,12.887999999999998
1900-01-01 17:11:34,8.94,1.44,0.85,3.49,17:11:34,12.873599999999998
1900-01-01 17:11:35,8.94,1.44,0.85,3.48,17:11:35,12.873599999999998
1900-01-01 17:11:36,8.95,1.44,0.85,3.48,17:11:36,12.887999999999998
1900-01-01 17:11:37,8.95,1.44,0.84,3.49,17:11:37,12.887999999999998
1900-01-01 17:11:38,8.94,1.44,0.85,3.48,17:11:38,12.873599999999998
1900-01-01 17:11:39,8.95,1.44,0.85,3.48,17:11:39,12.887999999999998
1900-01-01 17:11:40,8.94,1.44,0.85,3.49,17:11:40,12.873599999999998
1900-01-01 17:11:41,8.95,1.44,0.85,3.48,17:11:41,12.887999999999998
1900-01-01 17:11:42,8.94,1.44,0.85,3.49,17:11:42,12.873599999999998
1900-01-01 17:11:43,8.96,1.44,0.85,3.49,17:11:43,12.9024
1900-01-01 17:11:44,8.95,1.44,0.84,3.49,17:11:44,12.887999999999998
1900-01-01 17:11:45,8.95,1.44,0.85,3.48,17:11:45,12.887999999999998
1900-01-01 17:11:46,8.95,1.44,0.85,3.49,17:11:46,12.887999999999998
1900-01-01 17:11:47,8.94,1.44,0.85,3.49,17:11:47,12.873599999999998
1900-01-01 17:11:48,8.95,1.44,0.84,3.49,17:11:48,12.887999999999998
1900-01-01 17:11:49,8.95,1.44,0.85,3.48,17:11:49,12.887999999999998
1900-01-01 17:11:50,8.95,1.44,0.85,3.49,17:11:50,12.887999999999998
1900-01-01 17:11:51,8.95,1.44,0.85,3.49,17:11:51,12.887999999999998
1900-01-01 17:11:52,8.94,1.44,0.85,3.49,17:11:52,12.873599999999998
1900-01-01 17:11:53,8.94,1.44,0.85,3.48,17:11:53,12.873599999999998
1900-01-01 17:11:54,8.95,1.44,0.85,3.48,17:11:54,12.887999999999998
1900-01-01 17:11:55,8.95,1.44,0.85,3.48,17:11:55,12.887999999999998
1900-01-01 17:11:56,8.95,1.43,0.84,3.49,17:11:56,12.798499999999999
1900-01-01 17:11:57,8.95,1.44,0.85,3.48,17:11:57,12.887999999999998
1900-01-01 17:11:58,8.94,1.44,0.84,3.49,17:11:58,12.873599999999998
1900-01-01 17:11:59,8.95,1.44,0.85,3.49,17:11:59,12.887999999999998
1900-01-01 17:12:00,8.95,1.44,0.85,3.48,17:12:00,12.887999999999998
1900-01-01 17:12:01,8.94,1.44,0.85,3.49,17:12:01,12.873599999999998
1900-01-01 17:12:02,8.95,1.44,0.85,3.48,17:12:02,12.887999999999998
1900-01-01 17:12:03,8.95,1.44,0.85,3.48,17:12:03,12.887999999999998
1900-01-01 17:12:04,8.95,1.43,0.85,3.49,17:12:04,12.798499999999999
1900-01-01 17:12:05,8.95,1.44,0.85,3.49,17:12:05,12.887999999999998
1900-01-01 17:12:06,8.95,1.45,0.85,3.48,17:12:06,12.9775
1900-01-01 17:12:07,8.94,1.44,0.84,3.49,17:12:07,12.873599999999998
1900-01-01 17:12:08,8.95,1.44,0.85,3.49,17:12:08,12.887999999999998
1900-01-01 17:12:09,8.94,1.44,0.85,3.49,17:12:09,12.873599999999998
1900-01-01 17:12:10,8.95,1.44,0.85,3.49,17:12:10,12.887999999999998
1900-01-01 17:12:11,8.94,1.44,0.85,3.48,17:12:11,12.873599999999998
1900-01-01 17:12:12,8.95,1.44,0.85,3.48,17:12:12,12.887999999999998
1900-01-01 17:12:13,8.95,1.44,0.85,3.49,17:12:13,12.887999999999998
1900-01-01 17:12:14,8.94,1.44,0.85,3.48,17:12:14,12.873599999999998
1900-01-01 17:12:15,8.94,1.44,0.85,3.48,17:12:15,12.873599999999998
1900-01-01 17:12:16,8.95,1.44,0.85,3.48,17:12:16,12.887999999999998
1900-01-01 17:12:17,8.95,1.43,0.85,3.49,17:12:17,12.798499999999999
1900-01-01 17:12:18,8.94,1.44,0.85,3.49,17:12:18,12.873599999999998
1900-01-01 17:12:19,8.95,1.44,0.85,3.48,17:12:19,12.887999999999998
1900-01-01 17:12:20,8.95,1.44,0.85,3.48,17:12:20,12.887999999999998
1900-01-01 17:12:21,8.96,1.44,0.85,3.48,17:12:21,12.9024
1900-01-01 17:12:22,8.95,1.44,0.85,3.49,17:12:22,12.887999999999998
1900-01-01 17:12:23,8.95,1.44,0.84,3.49,17:12:23,12.887999999999998
1900-01-01 17:12:24,8.94,1.44,0.85,3.49,17:12:24,12.873599999999998
1900-01-01 17:12:25,8.94,1.44,0.85,3.49,17:12:25,12.873599999999998
1900-01-01 17:12:26,8.95,1.44,0.85,3.49,17:12:26,12.887999999999998
1900-01-01 17:12:27,8.95,1.44,0.85,3.49,17:12:27,12.887999999999998
1900-01-01 17:12:28,8.94,1.44,0.85,3.49,17:12:28,12.873599999999998
1900-01-01 17:12:29,8.95,1.44,0.85,3.49,17:12:29,12.887999999999998
1900-01-01 17:12:30,8.94,1.44,0.85,3.49,17:12:30,12.873599999999998
1900-01-01 17:12:31,8.94,1.44,0.85,3.49,17:12:31,12.873599999999998
1900-01-01 17:12:32,8.94,1.44,0.85,3.49,17:12:32,12.873599999999998
1900-01-01 17:12:33,8.95,1.44,0.85,3.49,17:12:33,12.887999999999998
1900-01-01 17:12:34,8.94,1.45,0.85,3.49,17:12:34,12.963
1900-01-01 17:12:35,8.95,1.44,0.85,3.48,17:12:35,12.887999999999998
1900-01-01 17:12:36,8.94,1.44,0.85,3.48,17:12:36,12.873599999999998
1900-01-01 17:12:37,8.95,1.44,0.85,3.49,17:12:37,12.887999999999998
1900-01-01 17:12:38,8.95,1.44,0.85,3.48,17:12:38,12.887999999999998
1900-01-01 17:12:39,8.95,1.44,0.85,3.49,17:12:39,12.887999999999998
1900-01-01 17:12:40,8.96,1.44,0.85,3.49,17:12:40,12.9024
1900-01-01 17:12:41,8.95,1.44,0.85,3.49,17:12:41,12.887999999999998
1900-01-01 17:12:42,8.95,1.44,0.85,3.49,17:12:42,12.887999999999998
1900-01-01 17:12:43,8.94,1.44,0.85,3.49,17:12:43,12.873599999999998
1900-01-01 17:12:44,8.94,1.44,0.85,3.49,17:12:44,12.873599999999998
1900-01-01 17:12:45,8.94,1.44,0.85,3.49,17:12:45,12.873599999999998
1900-01-01 17:12:46,8.95,1.44,0.85,3.48,17:12:46,12.887999999999998
1900-01-01 17:12:47,8.95,1.44,0.85,3.49,17:12:47,12.887999999999998
1900-01-01 17:12:48,8.95,1.44,0.85,3.49,17:12:48,12.887999999999998
1900-01-01 17:12:49,8.94,1.44,0.85,3.48,17:12:49,12.873599999999998
1900-01-01 17:12:50,8.94,1.44,0.84,3.48,17:12:50,12.873599999999998
1900-01-01 17:12:51,8.94,1.44,0.85,3.49,17:12:51,12.873599999999998
1900-01-01 17:12:52,8.94,1.44,0.85,3.48,17:12:52,12.873599999999998
1900-01-01 17:12:53,8.94,1.44,0.85,3.49,17:12:53,12.873599999999998
1900-01-01 17:12:54,8.95,1.44,0.85,3.49,17:12:54,12.887999999999998
1900-01-01 17:12:55,8.94,1.44,0.85,3.49,17:12:55,12.873599999999998
1900-01-01 17:12:56,8.94,1.44,0.85,3.48,17:12:56,12.873599999999998
1900-01-01 17:12:57,8.94,1.44,0.85,3.48,17:12:57,12.873599999999998
1900-01-01 17:12:58,8.95,1.44,0.85,3.49,17:12:58,12.887999999999998
1900-01-01 17:12:59,8.94,1.44,0.84,3.49,17:12:59,12.873599999999998
1900-01-01 17:13:00,8.94,1.44,0.85,3.49,17:13:00,12.873599999999998
1900-01-01 17:13:01,8.94,1.44,0.85,3.48,17:13:01,12.873599999999998
